episode,timestep,mean_reward,std_reward,steps_to_1000_return
1,42,83.39134188084698,0.0,
2,74,68.78310554935712,14.60823633148986,
3,111,65.98511568941434,12.56680310674883,
4,151,69.67525038869262,12.621199924701955,
5,181,65.26257348386639,14.32908300963409,
6,223,67.66930338265784,14.144395613675778,
7,252,61.06602898301863,20.81112113794691,
8,273,56.70745776535551,22.626199836850713,
9,309,42.442759225527595,45.6389652131852,
10,344,43.1104548144386,43.343234624937224,
11,373,43.16115889427503,41.32646376105521,
12,416,42.81057361312202,39.58415802873624,
13,444,33.81897772830647,49.15851836726174,
14,485,24.499604091477448,58.07760264859379,
15,518,26.645501586998712,56.679881783328256,
16,538,26.426962395643994,54.88658604075027,
17,560,26.497319570048568,53.24855351321223,
18,581,26.292660597970322,51.75517181428184,
19,615,28.19684360331353,51.018481062911,
20,636,28.173182308248148,49.72677122787158,
21,657,28.074872238001344,48.53035122003772,
22,677,27.83035896423477,47.42779979501318,
23,708,28.916537992972625,46.664243552368,
24,729,28.319803230402783,45.77128393675852,
25,749,28.105283312473095,44.85882819440472,
26,769,27.682863483947035,44.0383778027205,
27,843,33.3939421292252,52.111196298288164,
28,864,33.10623423034645,51.194011780663466,
29,899,34.239664735559174,50.65988664314851,
30,926,34.336623186870064,49.811136019005886,
31,949,34.27648118702943,49.00225209144914,
32,979,34.71278485625746,48.29165301054218,
33,1001,34.50853539175657,47.56836676752999,
34,1022,34.28757081773766,46.88079880791287,
35,1041,33.92103141760168,46.255623269089,
36,1062,33.72684441741498,45.6231260696226,
37,1141,38.60443474768928,53.68133422181583,
38,1164,38.40379999584009,52.98434882431649,
39,1185,37.82258050626075,52.42323076400027,
40,1232,34.04229483770911,56.89307581191807,
41,1265,34.56767655274353,56.293127762756264,
42,1379,40.94879143192181,69.0139808876333,
43,1423,37.57610571797745,71.62341885959522,
44,1444,37.35503670186199,70.81967697315304,
45,1522,40.83512290081016,73.73504403602787,
46,1549,40.51548705197572,72.9606859893684,
47,1577,40.698523675764335,72.19100999060858,
48,1624,41.89548562690464,71.90483902546771,
49,1656,41.82428126859677,71.16904377434749,
50,1679,41.48660479434745,70.49339955330358,
51,1714,41.831637174237095,69.84149277347205,
52,1755,42.55833678789342,69.36110090973254,
53,1844,46.89102203114307,75.47411370229385,
54,1876,47.08455362486784,74.78528675235873,
55,1907,46.99946143941374,74.10493996658712,
56,1934,46.96991979249692,73.44063503378223,
57,1963,47.024347737754645,72.79470784431842,
58,1991,47.035626914719344,72.16448901363317,
59,2018,46.99644366405243,71.5509342601097,
60,2102,50.279537677792305,75.30042670629334,
61,2133,50.34849986315752,74.68256999173663,
62,2165,50.4303680218883,74.08060239276702,
63,2249,53.45595345964708,77.25531651693522,
64,2281,53.54184410941219,76.6524148025208,
65,2357,55.60514097773346,77.83096668527476,
66,2385,55.476358830696384,77.2460657383244,
67,2417,55.49850373402094,76.66764645715052,
68,2449,55.51678567712715,76.10197296265731,
69,2523,57.44334694392389,77.20082099620582,
70,2558,57.55679042670571,76.65319543507736,
71,2641,60.12514917160257,79.08671521262637,
72,2676,60.11926220512785,78.53559722836262,
73,2722,57.65448841488243,80.75120420738465,
74,2805,60.22643573934534,83.15964944171361,
75,2893,62.949524989276284,85.86062065541886,
76,2925,62.89985209410369,85.29496249163567,
77,2958,62.87017693886056,84.73968396535395,
78,2991,62.848856923277395,84.19493642684876,
79,3079,65.31132179701824,86.44088748215509,
80,3123,65.35195153032225,85.89969209541357,
81,3149,63.74532266233008,86.56882718942015,
82,3172,63.39459729098462,86.0972316311834,
83,3255,65.38782545005624,87.4597384593491,
84,3275,64.94458662763483,87.03131684177718,
85,3349,66.3549396353622,87.47812849148578,
86,3396,66.70363788693084,87.02744677400032,
87,3434,66.69812631577638,86.5258585756442,
88,3462,66.46677235369465,86.05988865851043,
89,3486,65.27598683049202,86.30103653155365,
90,3519,65.22127278037782,85.8217993302881,
91,3600,67.07189355154571,87.13595547408362,
92,3687,69.1796937937202,88.96315221766162,
93,3764,70.53191789498773,89.42909952917998,
94,3799,70.47635118991018,88.95375499915482,
95,3889,72.62804537189325,90.910275905746,
96,3968,74.1675173675625,91.67188990677653,
97,4011,74.08268486205178,91.20191785730232,
98,4085,75.23503117811347,91.44244589703726,
99,4117,75.06536503905298,90.99494585370793,
100,4155,74.85445432951414,90.56314492453575,
101,4187,74.6678446907808,90.1330169804966,
102,4233,72.98968464392665,91.26199872573154,
103,4272,71.70811694984239,91.73558276088549,
104,4345,72.71015674379501,91.85815313867711,
105,4408,71.90049865567835,91.7918076910834,
106,4490,73.43883747637182,92.70776099373555,
107,4564,74.47863649601874,92.89246293964402,
108,4657,76.13094885395397,94.02784693384507,
109,4739,77.35075113560528,94.45008651994793,
110,4829,79.06103908293237,95.70033824675836,
111,4912,80.41061522293917,96.31404036650744,
112,4950,80.2934293237637,95.89105137266402,
113,5056,81.89810309436761,96.96452314309307,
114,5159,83.75035885206329,98.52578459363392,
115,5225,82.17531184261766,99.52751777231977,
116,5314,83.4003442319877,99.96456171186755,
117,5349,82.33535644993638,100.19516536000431,
118,5377,81.07529671925337,100.69638076256989,
119,5456,82.13384772284356,100.92955755887746,
120,5580,83.93114029327329,102.40257224268547,
121,5611,82.7659017669953,102.77430113313605,
122,5698,84.20397707336289,103.56743681562193,
123,5774,85.12865740587934,103.65000284833262,
124,5859,86.4562403884288,104.27592246971592,
125,5947,85.56370331461922,104.33245633043617,
126,6024,86.35370857498134,104.29230086169612,
127,6108,87.67525197304529,104.93471951191836,
128,6194,89.00877110034924,105.59881778902115,
129,6294,90.31914290117957,106.22830652708691,
130,6344,90.25062535082536,105.8218088705098,
131,6410,88.78199303819757,106.73877871381043,
132,6430,87.8088105650085,106.9154948149464,
133,6526,89.21161308144654,107.72526671413075,
134,6588,87.68106086951312,108.76440172530705,
135,6613,86.79699837272985,108.8429952842285,
136,6696,85.03573213467249,110.35609067547433,
137,6786,86.29769446421051,110.93313068950981,
138,6814,85.9849547596413,110.59106588993784,
139,6836,85.60369734865303,110.28351997044345,
140,6873,85.41531999046073,109.91138548000461,
141,6919,85.33855894052606,109.52470123047961,
142,6945,85.03701473999591,109.19709096434187,
143,7020,84.43331428289292,109.05215508804955,
144,7056,83.25914081636131,109.57617590117297,
145,7093,83.1770107504302,109.20212078522165,
146,7168,83.90812763830078,109.18301846486698,
147,7200,83.60401454866728,108.8730431532752,
148,7293,84.76412755945285,109.41248163076223,
149,7333,84.68892192717362,109.0485456774292,
150,7389,83.59293272423798,109.50472928847893,
151,7420,83.40745133513289,109.16516729285597,
152,7455,82.58724630678388,109.27129262443844,
153,7503,82.65135322750797,108.91647920460434,
154,7609,83.98675134821914,109.81170867744173,
155,7630,83.62738506345222,109.54771593008046,
156,7682,83.32055930411171,109.26283222293331,
157,7747,82.3402121256931,109.60043123301851,
158,7779,82.17213973093172,109.27333886576461,
159,7819,82.11587577812726,108.93146583955166,
160,7884,80.87687512662572,109.70864069928206,
161,7909,80.62113054160719,109.41523209716536,
162,7993,81.68408249671486,109.90769872741485,
163,8015,80.8663501673436,110.06325815268399,
164,8059,80.82105191094976,109.72871041529325,
165,8092,80.68559193383922,109.40944717871902,
166,8182,81.14480485427207,109.23877859383165,
167,8205,80.88437612902969,108.96290026316626,
168,8251,80.88788982531042,108.63813138392126,
169,8401,82.43077428202163,110.14685905987027,
170,8425,82.16892475621242,109.87516291151373,
171,8459,81.9903007398209,109.57817219029712,
172,8486,81.75459006978416,109.30263571361375,
173,8595,82.91155254161296,110.03745125954292,
174,8661,82.05247201380593,110.30108992071015,
175,8698,81.92995050877573,109.99736612219897,
176,8720,81.65118337083776,109.74640445881536,
177,8750,81.48571081750192,109.45796286738091,
178,8789,81.43606372600324,109.1520621220687,
179,8845,81.4571794562861,108.8471056448171,
180,8905,80.49896397435833,109.29879029859218,
181,8959,79.47830693463067,109.85325510533556,
182,8984,79.25363042216492,109.59273790838024,
183,9015,79.12033418110484,109.30768700150195,
184,9051,79.05901953088559,109.01340612381985,
185,9089,78.97771555804579,108.7239697420088,
186,9167,79.66797475121349,108.83700219372034,
187,9227,79.06545451814638,108.85619808411312,
188,9321,80.00601190071758,109.32552722656105,
189,9420,81.07256102473146,110.01221530065241,
190,9531,80.39234829897298,110.12010464758353,
191,9565,80.25178728437578,109.84854187505228,
192,9589,80.02201765665468,109.60811290530125,
193,9612,79.78662637840081,109.3724305638201,
194,9706,80.76264764841171,109.9296241294528,
195,9785,81.40085390314088,110.00712683087579,
196,9880,82.37710074545707,110.56975874932738,
197,9974,83.32950378424955,111.09184635654127,
198,10005,83.15074024238184,110.83935873097406,
199,10088,83.98684792450071,111.18473370165555,
200,10172,84.71583997717404,111.38217647552877,
201,10195,84.4677677431945,111.16013612620058,
202,10254,84.02986418678819,111.05831063194351,
203,10310,83.15859968837974,111.4743403793156,
204,10346,83.08445442675054,111.20580112488015,
205,10367,82.81682335210886,111.00007421001224,
206,10454,83.53462417598334,111.20624761993997,
207,10481,83.34488341039555,110.97072899171779,
208,10583,84.32015974694558,111.58937802111201,
209,10667,85.0066279483415,111.76147395738792,
210,10750,85.70652898933346,111.95324439821876,
211,10836,86.46623016730193,112.22891318638858,
212,10988,87.55604176777463,113.07749322230167,
213,11073,88.33611142785035,113.38206518048672,
214,11162,89.1771997035258,113.78094211953622,
215,11248,89.94680744398858,114.07295787303946,
216,11364,90.9208364912505,114.70123591863418,
217,11452,91.72852746808566,115.05066644784205,
218,11554,92.61472161088815,115.52643004101569,
219,11653,93.45268829859478,115.9245047175264,
220,11682,93.24062633458696,115.70330693420527,
221,11712,93.0522381587367,115.47505030534369,
222,11799,93.66548329938162,115.57479555391023,
223,11820,93.34958089077287,115.41138789656613,
224,11852,93.18045916001246,115.18117639843807,
225,11935,93.73113824205176,115.22008375033381,
226,11988,93.81916187562932,114.97247123974466,
227,12051,93.00311785791449,115.37303329590205,
228,12137,93.66705090550424,115.55353183655843,
229,12171,93.53297864205696,115.31872669254241,
230,12247,94.00849055007436,115.2925370881135,
231,12281,93.87559856367679,115.06036784754795,
232,12302,93.50959733668829,114.94680560676468,
233,12332,93.32358640464071,114.73486033196988,
234,12384,93.31762547532989,114.48947404646562,
235,12487,94.03572199766127,114.77249966040756,
236,12538,94.0798132283413,114.5310738989086,
237,12634,94.83341721494706,114.87405375201065,
238,12694,94.27086742352549,114.95914144649872,
239,12721,94.05915262316329,114.76487571699485,
240,12752,93.84745454547165,114.57228578914001,
241,12841,94.57197255279284,114.88395409055454,
242,12932,95.22837160712257,115.09831265155053,
243,13016,95.88211225433152,115.31057977393885,
244,13036,95.593787165597,115.1617851237148,
245,13120,96.2148145633796,115.33520659938944,
246,13204,96.69335066260828,115.34400752961096,
247,13237,96.53887929331886,115.13577488436944,
248,13322,97.06061573028543,115.19561472303114,
249,13352,96.87678877201476,115.00050809709431,
250,13437,97.42943571858396,115.1011105002033,
251,13525,97.96104073271849,115.17870756493576,
252,13609,98.49870799823685,115.26513737009628,
253,13687,98.9074738217363,115.21998267426022,
254,13768,99.40680806674025,115.26690664286583,
255,13856,99.22792026526338,115.07599323049232,
256,13935,99.68212480518912,115.07981019210341,
257,14018,100.16255296766138,115.11263958303245,
258,14100,100.71889961186054,115.23500633830392,
259,14189,101.24359401317656,115.32070278582118,
260,14268,101.71682528999422,115.35041180297516,
261,14349,102.24841379208203,115.44786784437001,
262,14431,102.74363382604872,115.5047512042914,
263,14516,103.31520749925846,115.65558554208054,
264,14547,103.12341724984822,115.47822759498321,
265,14625,103.53847454542068,115.45726228821232,
266,14712,103.99694614417261,115.48145825880499,
267,14801,104.59095935883295,115.67142391646439,
268,14888,105.1783913123825,115.8537386703841,
269,14976,105.77012560627811,116.0432358318785,
270,15011,105.36216206592215,116.02124461021553,
271,15106,105.92721251533415,116.17858674575824,
272,15198,106.45943660154722,116.2953357632456,
273,15280,106.91183067246399,116.32167497822027,
274,15378,107.54717015259877,116.5827945861972,
275,15462,108.08164353321614,116.70645018318035,
276,15578,108.68476139853593,116.92338441946863,
277,15697,109.38361658510699,117.28819956991292,
278,15781,109.90598886310443,117.39941921429525,
279,15868,110.43233033265562,117.51697482655908,
280,15948,110.85358623799111,117.51777509361696,
281,16018,110.19961284094197,117.8177863117178,
282,16103,110.72193016420604,117.93416969452466,
283,16180,111.1167702356532,117.91219308656407,
284,16268,111.64328503033623,118.03720893956299,
285,16351,112.11128125562827,118.093596566521,
286,16437,112.63073623423722,118.21267914859418,
287,16521,113.07808883024467,118.24881543240144,
288,16633,112.63604391368277,118.28064883077042,
289,16720,113.02788331581544,118.26293367681807,
290,16804,113.51175818517017,118.34508211038785,
291,16893,114.03782827596396,118.48074450123377,
292,16973,114.44209775306243,118.47857100077836,
293,17068,115.00183924900037,118.66233618381075,
294,17152,115.43279275587385,118.68981654746042,
295,17233,115.87783377245515,118.73394278252906,
296,17282,115.22350227954428,119.06479664443647,
297,17372,115.7424859973159,119.1990754157798,
298,17466,116.23722266357055,119.30396195104123,
299,17553,116.71742592197928,119.39241699130797,
300,17615,116.17986506594985,119.55516133323651,
301,17730,116.80335281584786,119.84394516771027,
302,17817,117.25174021273466,119.89799597643588,
303,17909,117.75925127339674,120.0244592805097,
304,17996,118.23255848003677,120.10978754994385,
305,18080,118.6639196709999,120.1483564342238,
306,18115,118.47285081301683,119.99827927720918,
307,18193,118.79943679459457,119.93881902304075,
308,18272,119.1430941324271,119.89525234778405,
309,18388,119.74686594867632,120.16916975980381,
310,18468,120.13731070352914,120.17134783857675,
311,18545,120.44234982157005,120.09814075989506,
312,18615,119.72071160351156,120.57898215813206,
313,18714,120.17189636228422,120.64971051662664,
314,18792,120.50475279309985,120.6012983846869,
315,18863,119.77291784105957,121.10603816124693,
316,18945,120.17565168951906,121.1253492986039,
317,19037,120.62168303394584,121.19378974259011,
318,19113,120.84798765096777,121.07014894894434,
319,19198,121.23209157612396,121.07414082031453,
320,19286,121.5233513798664,120.99669358862404,
321,19373,121.9628447415799,121.06362448285547,
322,19459,122.29325577534803,121.02036372009276,
323,19482,121.82290338090174,121.12729463665066,
324,19565,122.1831947433242,121.11344554982004,
325,19652,122.6038328580734,121.163774910319,
326,19690,122.4165085223977,121.02492318628444,
327,19782,122.275951948395,120.8663741096751,
328,19891,122.79665124942636,121.04875261190416,
329,19974,123.13812257731252,121.02276148047913,
330,20052,123.4539760984607,120.97498754030238,
331,20137,123.58813315881346,120.81669026132346,
332,20224,123.91693897846507,120.78283096378719,
333,20294,123.13191555098989,121.44662153017366,
334,20377,123.49662658790349,121.4471739616524,
335,20457,123.84886063923896,121.43651404668883,
336,20543,124.25272863322832,121.4807771310262,
337,20624,124.55301396191099,121.42522689184739,
338,20714,124.97984006394687,121.49839096070286,
339,20801,125.38881207631026,121.55182820249296,
340,20886,125.69566095232925,121.50436399604682,
341,20986,126.13667615586053,121.5982911220218,
342,21074,126.52610923486439,121.63315947300161,
343,21168,126.89673401203015,121.64896430544017,
344,21201,126.69483440644909,121.52955842323591,
345,21297,127.08677558955128,121.5708360285323,
346,21357,126.43368016298436,121.99961906183809,
347,21487,127.03737729019883,122.3401558113541,
348,21594,127.52107361574014,122.49608009004827,
349,21692,127.94147381600678,122.57160674665883,
350,21776,128.28017264950427,122.55982147147338,
351,21862,128.64743827455166,122.57783094003038,
352,21943,128.9284640448909,122.51677212262238,
353,22026,129.27760846120228,122.51835221085564,
354,22153,129.82223803425165,122.77235329527294,
355,22238,130.13111673108835,122.73697559126711,
356,22265,129.8868578324756,122.65084467773391,
357,22351,130.25030099939377,122.67076332569277,
358,22384,130.04291862928582,122.56196795734482,
359,22447,130.0384163339437,122.39117944685519,
360,22508,129.84972578312147,122.2733523080864,
361,22627,130.34123576902135,122.45949267296749,
362,22727,130.75405385434715,122.54151216474972,
363,22763,130.55396999455763,122.43180467013799,
364,22863,130.95700303221835,122.50441157225184,
365,22952,131.32404799507748,122.53674424209305,
366,23053,130.75514173935338,122.85097572178802,
367,23152,131.16601599822997,122.9350474652828,
368,23256,131.14533237130095,122.76854196943249,
369,23326,131.08337100012773,122.60783778906112,
370,23444,131.5719373371974,122.80118987449934,
371,23527,131.85774998695643,122.75874657260829,
372,23600,131.6780241166653,122.64250365371448,
373,23689,132.0125224027799,122.64779476060103,
374,23772,132.30461979320873,122.6135625083896,
375,23817,132.1369600573874,122.4928890838701,
376,23904,132.47620557087984,122.50616347543126,
377,24005,132.87057878522566,122.58234405726482,
378,24092,133.2009570148658,122.58804214296434,
379,24197,132.5883519689892,123.00420530694885,
380,24293,132.95451624318238,123.04890715223107,
381,24414,133.42251025080066,123.22548557201989,
382,24462,133.29867365402674,123.0878266436699,
383,24551,133.63781515938746,123.10561242430826,
384,24634,133.89297336228924,123.04658131056077,
385,24720,134.1949504507517,123.02907104108787,
386,24838,134.62712829716065,123.16188088200052,
387,24973,135.14040383413288,123.41533655207493,
388,25063,135.44286494135523,123.39972878762265,
389,25180,135.87051220896242,123.52856401028014,
390,25265,135.9965915152316,123.39515080082444,
391,25353,136.31764795576183,123.40024821087036,
392,25437,136.60409727244468,123.37284179031529,
393,25576,137.2216189963714,123.82088167907251,
394,25665,136.93547746953064,123.79368187718077,
395,25784,137.40308959563893,123.98480145847452,
396,25871,137.65444875102094,123.92888642458239,
397,25975,138.03189995010823,124.00040608058163,
398,26061,138.2949683586406,123.955401936942,
399,26145,138.58528077820097,123.93537429398286,
400,26228,138.78959013923588,123.84761702420337,
401,26315,139.07841962286196,123.82790991978054,
402,26351,138.89470451648214,123.72850462849301,
403,26472,139.31790121712393,123.8658640323874,
404,26583,139.71743105213454,123.97218910222222,
405,26680,139.993204050263,123.94305050407793,
406,26741,139.71089303791874,123.9206234917532,
407,26780,139.55398412052958,123.80866808963883,
408,26852,139.49224920814046,123.6631205648753,
409,26881,139.26514332732694,123.59700925434703,
410,26965,139.49210746161026,123.53149526948175,
411,27055,139.75911034684853,123.49951586002408,
412,27143,140.0549807870565,123.49530089474545,
413,27260,140.4511218174918,123.60750780179774,
414,27341,140.62269553785342,123.5073614688534,
415,27423,140.88024345223724,123.46972321221409,
416,27458,140.6375086976342,123.42033191129087,
417,27558,140.97360109734993,123.4627066540834,
418,27649,141.27707642069203,123.47055476514005,
419,27727,141.41593363695367,123.35579959223915,
420,27828,141.63399474505948,123.2896868646778,
421,27960,142.12161960388636,123.54800002996156,
422,27989,141.8974875375991,123.48719144400654,
423,28029,141.75316007852035,123.37676862473269,
424,28061,141.5204227857921,123.32412169838996,
425,28149,141.7793671449784,123.29429676175852,
426,28242,142.07695854523843,123.30222079420204,
427,28335,142.3772740218472,123.31363708283274,
428,28375,142.20487150410463,123.22100480067988,
429,28451,142.33402483926423,123.10630664547249,
430,28547,142.64092718774845,123.12727266728004,
431,28630,142.8218324339128,123.04154985346636,
432,28663,142.62729954413214,122.96539694224626,
433,28750,142.89366573847974,122.94803519284278,
434,28833,143.06635425634315,122.8588702236826,
435,28926,143.3684516896384,122.87884491938946,
436,29012,143.5932282001687,122.82734817856264,
437,29105,143.84764665405027,122.80169453493885,
438,29188,143.58764648178828,122.7817885973552,
439,29335,144.04528525759451,123.01528006370941,
440,29422,144.24427993424052,122.94612805482657,
441,29515,144.5370685535795,122.96012932219654,
442,29596,144.73779806371417,122.89327078118036,
443,29681,144.96085329466743,122.84402757328357,
444,29775,145.2456977149643,122.85198634436985,
445,29879,145.49022400506212,122.82199603207782,
446,29986,145.80811440446263,122.86736125326824,
447,30021,145.62238756125362,122.79250917506398,
448,30062,145.46989213327734,122.69775458112426,
449,30100,145.308483672974,122.60865018165065,
450,30190,145.57177822663434,122.59935229354022,
451,30325,145.95851961352136,122.73785036652221,
452,30471,146.4166595785944,122.98744891500235,
453,30563,146.683345346729,122.98239256988994,
454,30701,147.07819308492145,123.133989942438,
455,30802,147.38536306131897,123.17261419804217,
456,30888,147.5680039853458,123.09914633085775,
457,30981,147.83419019518504,123.09569987649735,
458,31070,148.043939407315,123.04297114178576,
459,31163,148.25732607703844,122.99367236411028,
460,31194,148.02464657706372,122.96100129762324,
461,31276,148.22498912669658,122.90270112203667,
462,31359,148.3916491069991,122.82175501902242,
463,31461,148.68825109010552,122.8545706121668,
464,31495,148.49091981637196,122.79554561688151,
465,31579,148.64927845688146,122.7108575209703,
466,31686,148.95900461207958,122.76094220781245,
467,31799,149.26305824844525,122.80496588269449,
468,31920,149.61153046256436,122.9046147053151,
469,32002,149.76523177233165,122.81853446281698,
470,32035,149.57177992591076,122.75931586637957,
471,32129,149.77193525604832,122.7056779897512,
472,32210,149.93681994834944,122.62784641720648,
473,32304,150.20121348638878,122.6327502573378,
474,32393,150.4392606660276,122.61267170664141,
475,32425,150.2423107530751,122.55857019932776,
476,32514,150.4812538769252,122.54047006268245,
477,32628,150.793501265195,122.60136876486597,
478,32736,151.08860236897925,122.64252606575671,
479,32849,151.39675923896712,122.69954834287093,
480,32923,151.20613196001128,122.64265356206919,
481,33022,151.47819084849044,122.66000751156183,
482,33122,151.7480762955163,122.6755799316539,
483,33198,151.84470777459077,122.5668825118824,
484,33263,151.5202393500739,122.6476754701106,
485,33353,151.74396029585563,122.61998877207438,
486,33458,152.0217287486587,122.64642024146127,
487,33555,152.27788823651784,122.65050848622647,
488,33646,152.51142608188195,122.6331197276406,
489,33765,152.8290012731658,122.70837154464643,
490,33892,153.16040509697714,122.80195970153196,
491,33919,152.75170524890558,123.00998027979696,
492,34016,152.99641318853034,123.00448084590231,
493,34108,153.23062162522442,122.98943211776643,
494,34230,153.55137788095888,123.07112685218908,
495,34326,153.7907586378084,123.06181789933044,
496,34411,153.97696118147388,123.00748220278251,
497,34517,154.25021147875432,123.03426567428095,
498,34624,154.52332756014155,123.06139322686285,
499,34781,154.89133773831202,123.21202244401753,
500,34879,155.13657445794215,123.21059391576041,
501,34976,155.3770784077835,123.20499352424935,
502,35078,155.6300021606482,123.21234363169,
503,35176,155.87581943191967,123.21296225033718,
504,35275,156.11983857928738,123.21227001272158,
505,35428,156.50834292783696,123.39883763933761,
506,35536,156.77602688542572,123.42352016395009,
507,35644,157.0395548556621,123.44415507302558,
508,35782,157.38218147000492,123.56367064689222,
509,35875,157.60537949639374,123.54469591722942,
510,35968,157.8265668062091,123.52435425216461,
511,36096,158.14402019414612,123.61149851923437,
512,36156,157.74789992079425,123.81494603336218,
513,36259,157.9937357044462,123.81922461709071,
514,36363,158.23548476614596,123.81984576394072,
515,36517,158.60752094206535,123.98680492743402,
516,36608,158.81894156707332,123.95949140155078,
517,36714,159.06725837776662,123.96794474226314,
518,36813,159.3024313453909,123.96361014726469,
519,36854,158.85755746027974,124.25734038400101,
520,36890,158.4851073152464,124.42744780787861,
521,36987,158.71339786315804,124.41693651372583,
522,37088,158.94814452110958,124.41314222193311,
523,37190,159.18628118430559,124.41316747628716,
524,37277,159.33453210359013,124.34062702344465,
525,37379,159.5693778775849,124.3384200981248,
526,37468,159.7732411490514,124.30796482477358,
527,37581,160.036713358972,124.33688995684123,
528,37682,160.26665430592496,124.33119691803964,
529,37798,160.53683254196724,124.36867340475607,
530,37856,160.27725560511362,124.39464198426535,
531,37970,160.53906968687392,124.42353220271619,
532,38061,160.7097120471753,124.3687156311863,
533,38181,160.98675102630455,124.41619227303094,
534,38244,160.65156324206325,124.54029180744266,
535,38350,160.89006720644696,124.54585191492589,
536,38459,161.13345357978352,124.55689986353717,
537,38562,161.3590676432178,124.55044641799915,
538,38662,161.5812673472348,124.54112823142042,
539,38756,161.7837315043735,124.5141347413507,
540,38794,161.604516375298,124.46835220788522,
541,38893,161.81778764532962,124.45198214294132,
542,38985,162.01366638794443,124.42056508609406,
543,39073,162.20360288689616,124.38456887442537,
544,39233,162.55761654438626,124.54369721832514,
545,39335,162.77516373379925,124.53279685012747,
546,39439,162.99434247986272,124.52387412525246,
547,39539,163.20495432248822,124.50729550201426,
548,39646,163.43438207429284,124.50931965318343,
549,39739,163.62779734123555,124.47824401847545,
550,39840,163.8425204637866,124.46675465556663,
551,39933,164.03259064508865,124.43362319572452,
552,40038,164.25193754187984,124.42743527447928,
553,40085,163.93900899764586,124.53210079026253,
554,40188,164.15639742200534,124.52463382739174,
555,40285,164.35449521726105,124.49974086098997,
556,40375,164.4833753958763,124.42478068603907,
557,40475,164.68789192171647,124.40654076344359,
558,40600,164.9520958849652,124.45132192203482,
559,40716,165.19522994792692,124.47252862452422,
560,40813,165.39149558640406,124.44788616204973,
561,40925,165.62348805805937,124.45806241792683,
562,41036,165.84869785342138,124.46164459421996,
563,41152,166.08574302932936,124.4779716335442,
564,41248,166.2737201937013,124.44752416954589,
565,41334,166.43587244888542,124.39696449010971,
566,41431,166.62555782257996,124.36878020184268,
567,41537,166.83393600388564,124.35791222343711,
568,41647,167.05508939116294,124.35994015080495,
569,41743,167.24219936973552,124.33060974912357,
570,41855,167.46329818166717,124.33340834848099,
571,42004,167.7727463515099,124.44398494781801,
572,42090,167.93307014828386,124.39416486810758,
573,42177,168.0972577669615,124.34758908056486,
574,42281,168.2981198892792,124.33222868459359,
575,42380,168.4820742795716,124.30222221441961,
576,42495,168.70725564785036,124.31160060078113,
577,42526,168.32580059741343,124.5407738410431,
578,42635,168.5376459339162,124.5370009395306,
579,42746,168.75130476405351,124.53539142850299,
580,42774,168.41674812233848,124.68813235449292,
581,42880,168.62134070309506,124.67818093608315,
582,42995,168.8423050964477,124.68483171921798,
583,43097,169.0314055569879,124.66135303072203,
584,43228,169.28725710049957,124.7076812470224,
585,43348,169.51890351076239,124.72673575243256,
586,43463,169.7389578151502,124.7338735928921,
587,43578,169.95849119778842,124.74083637249052,
588,43643,169.5621111104327,125.00416387056937,
589,43791,169.85081304552236,125.0940458324366,
590,43906,170.07010063705044,125.10124163298123,
591,44022,170.28766198802361,125.10701822654741,
592,44149,170.53253731669784,125.1429818096855,
593,44270,170.76295412117693,125.16304133914213,
594,44355,170.90212615996194,125.10355418791384,
595,44480,171.13949015593977,125.13217886704206,
596,44600,171.36260180442721,125.14554990956165,
597,44731,171.60964004081924,125.18605261530706,
598,44838,171.802182736394,125.16977895436267,
599,44966,172.0411258471975,125.20167575807099,
600,45102,172.2961416032077,125.25289870921293,
601,45232,172.54153573585893,125.29292063643688,
602,45352,172.76038231782286,125.30372386519078,
603,45492,173.0200671925643,125.36180297975723,
604,45626,173.26634039639515,125.40388637299942,
605,45757,173.50709121255358,125.43982431213546,
606,45889,173.74711032669705,125.47524648772237,
607,46018,173.98496333872586,125.50850130530033,
608,46140,174.20656935475753,125.5240402239375,
609,46265,174.43159019675733,125.5436099056756,
610,46406,174.6915745913438,125.6046313512588,
611,46538,174.92591705579355,125.63519248704087,
612,46664,175.16865030385065,125.67581383758522,
613,46797,175.40470870071533,125.70897838942993,
614,46931,175.64498703727193,125.74736824118762,
615,47031,175.81755502332865,125.7178354128385,
616,47187,176.10374679070446,125.81609093387092,
617,47336,176.3722867860747,125.8906465848268,
618,47479,176.62787463217023,125.9488617029304,
619,47599,176.83416002303997,125.95152608529486,
620,47752,177.1080096710002,126.03420657460252,
621,47896,177.36224667022373,126.09169967442448,
622,48025,177.5886430230507,126.11655320574722,
623,48163,177.83202522649185,126.16139974418712,
624,48281,178.0410587083596,126.1681942414698,
625,48459,178.3598012266811,126.31840790555995,
626,48594,178.59522174366467,126.354620322637,
627,48727,178.82594257627073,126.38571941301896,
628,48911,179.15087489115464,126.54688496180056,
629,49021,179.32751636679424,126.5237109839191,
630,49189,179.62329374147242,126.64070087465218,
631,49322,179.84612482664448,126.66385576069995,
632,49473,180.11341701237973,126.74158184955479,
633,49598,180.31942170576312,126.74727878505362,
634,49730,180.54436027919857,126.77366403772321,
635,49869,180.78256110317318,126.81571383031444,
636,50004,181.00951639550485,126.84497145752702,
637,50143,181.24517363674542,126.88462534584089,
638,50258,181.44315781925076,126.88357835057975,
639,50394,181.67408592713537,126.91836289555104,
640,50541,181.92193054302044,126.97382994249008,
641,50670,182.13107277465167,126.98502083118925,
642,50808,182.36268246269447,127.02150834419722,
643,50947,182.59718986625035,127.0617057709024,
644,51083,182.8256943762646,127.09516710366707,
645,51203,183.01987877647824,127.09217714402283,
646,51338,183.24149246624023,127.11843055788677,
647,51366,182.88484233622358,127.3432005536076,
648,51470,183.04847234067535,127.31295640594509,
649,51604,183.27090612867732,127.34078339466919,
650,51764,183.53656508154862,127.4226466916684,
651,51903,183.77061347306696,127.46448958226279,
652,52034,183.98413514954913,127.48316423220747,
653,52149,184.17364801053262,127.47739282377499,
654,52286,184.4038172735083,127.51561632064976,
655,52418,184.61950037342692,127.5375677197455,
656,52537,184.80632948927624,127.52999081841739,
657,52687,185.05661894491698,127.59403889771855,
658,52837,185.30107059649896,127.65091793942993,
659,52882,184.93282283151734,127.90332045286907,
660,53025,185.16811520747345,127.94903874264642,
661,53167,185.39959923800336,127.99045107547728,
662,53214,184.96065950003864,128.39066797916044,
663,53373,185.22548425389104,128.47462051203289,
664,53510,185.44944628263505,128.50729746602642,
665,53714,185.79215562674042,128.71394185465243,
666,53880,186.0754777712255,128.82462318866556,
667,54065,186.39022176792116,128.98402530852852,
668,54233,186.66968977956472,129.0893781769287,
669,54404,186.95697184683212,129.20638272451254,
670,54562,187.21814979725426,129.28653294396975,
671,54741,187.51744380045588,129.42222966460932,
672,54941,187.85732934331992,129.6252411818921,
673,55109,188.13394224877467,129.727229832585,
674,55289,188.42949201050826,129.857504253239,
675,55441,188.68481861061758,129.93047532595102,
676,55602,188.94817315539123,130.01449993176587,
677,55810,189.30442052594432,130.24820225608045,
678,55991,189.60411032930517,130.38549278525164,
679,56047,189.21612967851712,130.6805188513742,
680,56240,189.53605360682633,130.85022251750593,
681,56483,189.9533662546627,131.2061755885646,
682,56652,190.23108237093268,131.31009656019228,
683,56830,190.5205383605556,131.43149417959924,
684,57000,190.8023392560339,131.54170878653858,
685,57218,191.16768147780056,131.79248017963775,
686,57378,191.42315274398976,131.86601202753326,
687,57452,191.11464379436302,132.01752193144011,
688,57631,191.40507169800608,132.14098955214922,
689,57847,191.76730692881208,132.3864559757628,
690,57890,191.44977521564667,132.5527927128453,
691,58052,191.70162606943106,132.62194952295295,
692,58222,191.96725872131557,132.70991642547978,
693,58395,192.24236271071658,132.8114451949296,
694,58594,192.56649432664375,132.98974097718676,
695,58807,192.91494409314134,133.2106861229364,
696,58968,193.16659377759274,133.28017009141504,
697,59120,193.40226870638523,133.32957525514067,
698,59288,193.66118292717718,133.40926493188329,
699,59450,193.9083559627198,133.47364460020398,
700,59525,193.48778904829112,133.84095110076683,
701,59741,193.83877993640178,134.06745447027683,
702,59910,194.09886255984614,134.14878294235143,
703,60069,194.34484391113355,134.21167252574838,
704,60268,194.65826494389148,134.37352542702973,
705,60445,194.93153189626412,134.47380309928693,
706,60636,195.23015834923527,134.61225960760387,
707,60825,195.52257151136848,134.74122315847663,
708,61006,195.79671051563417,134.84319369265842,
709,61180,196.0572141071022,134.92623069069037,
710,61352,196.31940954002746,135.01180685149015,
711,61544,196.6131316753781,135.14364286190278,
712,61750,196.93399713975137,135.3194500027679,
713,61935,197.2117564957291,135.42748026624108,
714,61992,196.8573636217054,135.66305331766006,
715,62211,197.20019684567535,135.87730952820084,
716,62264,196.80824145218946,136.18627752762072,
717,62460,197.11039813318004,136.33123244205052,
718,62692,197.4833856460886,136.60185823720442,
719,62891,197.78554910852202,136.7467376133716,
720,63098,198.10541704529746,136.92064609106097,
721,63185,197.6885412476606,137.28214408246834,
722,63420,198.0556288770765,137.5406892665867,
723,63616,198.35552007365,137.68154878781738,
724,63861,198.74073228641822,137.97576278534032,
725,63916,198.4609722633507,138.08590478931265,
726,64169,198.8473804839218,138.38245456058067,
727,64368,199.14883139670388,138.52558087139437,
728,64630,199.56451862809462,138.88340497560523,
729,64692,199.26656596822235,139.020753723254,
730,64787,198.8071371612957,139.47820076451194,
731,64984,199.0998277837801,139.60692279853413,
732,65165,199.3620791251802,139.6915966273803,
733,65382,199.68460290668654,139.86873926190478,
734,65631,200.06881835456605,140.15997232197824,
735,65753,199.6968969535822,140.42656848297045,
736,65992,200.06643981336137,140.68831219200345,
737,66173,200.3246968810754,140.76730274307957,
738,66345,200.1204098448468,140.7811802195356,
739,66567,200.458671240136,140.9856875661023,
740,66807,200.82183548813416,141.2358621897362,
741,67031,201.15572637973756,141.43248031098128,
742,67271,201.51656943360675,141.67805751501754,
743,67500,201.86285938474109,141.8965626286191,
744,67533,201.51626213227223,142.11554502950543,
745,67748,201.8322351140823,142.2814058933183,
746,67984,202.1824042731846,142.50688570594372,
747,68215,202.5281533709752,142.72422629231477,
748,68445,202.86823328872927,142.9313320320449,
749,68522,202.53107045483554,143.13323122085788,
750,68782,202.92258601906173,143.43854349704517,
751,68993,203.23119541058117,143.59195411070326,
752,69229,203.57710990814658,143.80922486157337,
753,69447,203.8945990828778,143.9771834525985,
754,69671,204.21993691909708,144.1583775156565,
755,69897,204.54572570217366,144.34036428374827,
756,70143,204.91078721003828,144.5932265088179,
757,70394,205.26231104462522,144.82058149794335,
758,70452,204.90190080301372,145.06434049885527,
759,70663,205.2002397077579,145.2012534336425,
760,70883,205.51185156995342,145.35942714430195,
761,71147,205.8966777855476,145.65077110601115,
762,71381,206.231476601222,145.8478923866787,
763,71613,206.55676171895237,146.0286147821737,
764,71822,206.83860282269293,146.14052595754492,
765,72035,207.1328680050996,146.27129553172438,
766,72267,207.45899512996044,146.45383322318557,
767,72509,207.7930435671338,146.6500511713564,
768,72593,207.35676879360395,147.05176659999364,
769,72645,206.91989119322767,147.45400700043757,
770,72731,206.54418147808605,147.72608865346865,
771,72966,206.38337283771992,147.69767847167083,
772,73056,205.89796258613134,148.21610029339195,
773,73132,205.54951164215169,148.43627577708813,
774,73344,205.83913524582368,148.55874861669395,
775,73589,206.1720852900535,148.75156164733508,
776,73798,206.45768422785116,148.86815346518986,
777,73874,206.07280523699654,149.15815516019657,
778,74109,206.39676284556842,149.3355405109435,
779,74321,206.68238718187214,149.45215294605217,
780,74562,207.01972016829214,149.65278267557375,
781,74802,207.35051467018243,149.84201969171988,
782,75031,207.66297125863625,150.0005580108923,
783,75233,207.93498962821928,150.097617770666,
784,75439,208.2082832820603,150.19667217274358,
785,75733,208.6107018177921,150.52330116046724,
786,75994,208.96897895864836,150.76207323614233,
787,76079,208.66302254877778,150.910234374701,
788,76323,208.99651143105973,151.10434814064848,
789,76394,208.58857408423867,151.44213025235496,
790,76627,208.90157138763468,151.60139753592907,
791,76830,209.16409288843394,151.68511128301662,
792,77014,209.39707819963627,151.73087752247974,
793,77200,209.63420150586097,151.78194718484644,
794,77385,209.87072537566087,151.83249951437395,
795,77616,210.17949990834828,151.98622177068611,
796,77684,209.70294372900352,152.4839035734455,
797,77876,209.94674378375743,152.5433718373648,
798,78080,210.20739184155963,152.62524908275347,
799,78304,210.50240506190312,152.75720704973,
800,78503,210.75334830433042,152.826407686882,
801,78745,211.07648681396765,153.0042066187989,
802,78968,211.3686256591262,153.1321611801076,
803,79181,211.64408963448216,153.23548073166643,
804,79410,211.94295705521702,153.37415865959085,
805,79633,212.23237102179635,153.4983844793569,
806,79894,212.5798097330956,153.71953547644534,
807,80130,212.88388495004918,153.8666267780758,
808,80376,213.20860315958728,154.04781658654267,
809,80652,213.5755957568775,154.3056081463648,
810,80970,214.0081003623553,154.70021687226784,
811,81314,214.48509061983827,155.1996733901749,
812,81618,214.89096168504838,155.53415060590797,
813,81920,215.29577186035365,155.86590522736424,
814,82250,215.74520180426947,156.29635515910977,
815,82572,216.17794424481986,156.68762393508095,
816,82843,216.53455002280973,156.92216583536302,
817,83169,216.97228276722873,157.32380502122749,
818,83444,217.3320903321277,157.56361249280587,
819,83755,217.73981269383705,157.8985792962905,
820,84050,218.12978525208132,158.19642500118078,
821,84237,217.86628148088815,158.28001290944863,
822,84547,218.26947995928188,158.60502538171966,
823,84842,218.65259382759757,158.88876128628974,
824,85135,219.0270648445727,159.1552972503826,
825,85463,219.45969835381786,159.54289279678713,
826,85730,219.79542921272025,159.73762483647823,
827,86076,220.25143977157484,160.1780823303506,
828,86370,220.6250961117048,160.44156657578424,
829,86449,220.22895139889846,160.74944350669338,
830,86716,220.5643526105652,160.94256148973798,
831,87076,221.0351383495993,161.4165368182015,
832,87390,221.43988164358345,161.74088516013404,
833,87476,221.03301980849676,162.06923102722695,
834,87537,220.71239550226218,162.23616573813587,
835,87880,221.16138034355353,162.65661901651353,
836,88203,221.5789967306351,163.0066110578376,
837,88275,221.21744921616542,163.24426061987296,
838,88348,220.76201133185788,163.67804339536957,
839,88470,220.55034476310686,163.6951896498337,
840,88964,221.20796316708922,164.7029160831831,
841,89388,221.77660327202346,165.42796068394503,
842,89429,221.43420101316184,165.6276147215074,
843,89483,221.03857888964728,165.92694908283434,
844,89548,220.6719352099719,166.16995615555217,
845,89626,220.27955668431034,166.4623677406998,
846,89795,220.0142739591182,166.54258578172627,
847,89855,219.66934059595513,166.74634166911156,
848,89896,219.3200901396186,166.9576829371996,
849,89931,218.9930113479393,167.1309510457513,
850,89973,218.6560724462213,167.32088290208583,
851,90005,218.32586151811972,167.49944217751516,
852,90505,218.8604607817718,168.12598309417672,
853,90574,218.40547395291168,168.5514274958156,
854,90701,218.13269549779804,168.64100129092938,
855,90842,217.8821303271188,168.7013367105553,
856,90902,217.48825816613476,168.99566220279857,
857,91079,217.30807230452638,168.9792902628212,
858,91162,216.90484818754544,169.2928237695791,
859,91662,217.41622276955766,169.85601588698867,
860,91730,217.00322763761633,170.18823020012502,
861,91876,216.6832004748587,170.34809261328908,
862,91969,216.27905413670018,170.6617688168996,
863,92019,215.91023773033996,170.9062441572237,
864,92073,215.614798998727,171.02766961381673,
865,92207,215.4535108757157,170.99451506504036,
866,92266,215.02942057567776,171.3503231494534,
867,92766,215.5502107504443,171.93588011880388,
868,92824,215.2315813855261,172.09274017382404,
869,92903,214.79760893531335,172.46826671108803,
870,92960,214.42924341449822,172.71082876363374,
871,93460,214.9667385607959,173.33818792388652,
872,93497,214.6714346558451,173.45785036655113,
873,93566,214.27785792838725,173.74762249246652,
874,93989,214.39972200824613,173.68552271601098,
875,94489,214.93256334725396,174.29954275170908,
876,94989,215.4704975142477,174.92527371072973,
877,95073,215.14819468099722,175.08557656818618,
878,95135,214.8502969891611,175.20808266659688,
879,95184,214.48252653424066,175.44715040272956,
880,95249,214.07183559421173,175.76968371235898,
881,95749,214.62638119313058,176.43846505623543,
882,95838,214.29752265010308,176.60836588340104,
883,96338,214.85553142838003,177.28458264102932,
884,96425,214.50076818750162,177.4976079743444,
885,96495,214.11625843033968,177.7652916842842,
886,96547,213.80625293765146,177.90414262776022,
887,96607,213.46098659334524,178.1005925321672,
888,96674,213.07337628724304,178.37422732225588,
889,97089,213.14141251431343,178.28540433588884,
890,97133,212.81772888564032,178.44638591541027,
891,97221,212.46256890776633,178.66067666548565,
892,97505,212.36575343578198,178.5838867105785,
893,97706,212.30002712104292,178.49466219385502,
894,97783,212.05828768689196,178.54100804991145,
895,97842,211.76378196691334,178.65837448142358,
896,97917,211.41979870839785,178.85494543528182,
897,97954,211.15629863438164,178.92914946490848,
898,97990,210.8630456681087,179.04504446476417,
899,98182,210.51685176515647,179.24590592750732,
900,98274,210.3228556895444,179.2407018305272,
901,98343,209.9455536994098,179.49844847012713,
902,98408,209.59406570077343,179.70889153954397,
903,98578,209.41060695742505,179.69385069073218,
904,98643,208.99971438637314,180.01837965844,
905,98795,208.80298144505545,180.0161017210394,
906,98856,208.50304470015436,180.1428448404682,
907,98910,208.20615843948983,180.2651431145105,
908,98976,207.83687453092864,180.50878632718394,
909,99214,207.62017912249624,180.52759749654635,
910,99314,207.35379163154573,180.6070451642244,
911,99462,207.24284049382157,180.53891935119117,
912,99529,206.85695298630944,180.8154260216388,
913,99641,206.69557490829237,180.78207803615194,
914,99696,206.33548976471351,181.0104506079814,
915,99807,206.02174376982217,181.16000035634963,
916,99890,205.67324963300064,181.36769904051346,
917,100110,205.59614360172299,181.2838012703896,
918,100375,205.63339015335444,181.18854654142382,
919,100427,205.26367546636996,181.4360686696452,
920,100515,204.9399340514033,181.60282061800214,
921,100574,204.65856558887975,181.70473510341543,
922,100611,204.3841831406621,181.7969723106837,
923,100725,204.07047381475115,181.94798466852924,
924,100913,203.88153505236903,181.94007323587272,
925,101040,203.72417520650689,181.90460218845772,
926,101158,203.48672260472298,181.9497339561734,
927,101228,203.12919938051323,182.17671891839018,
928,101424,202.94428242160294,182.16556123306376,
929,101491,202.57909611310868,182.40704564580594,
930,101568,202.22668811211688,182.6251007167551,
931,101899,202.347475065891,182.56415822519276,
932,101953,202.06855821286982,182.6645482865182,
933,102019,201.71050714736595,182.8935693469791,
934,102133,201.545300631171,182.86527415356315,
935,102331,201.36772819739846,182.848010534476,
936,102394,201.02251096662008,183.05492094701646,
937,102430,200.7394693148522,183.16202482273673,
938,102516,200.42728828872745,183.31360760259415,
939,102756,200.44183098343436,183.21651189660818,
940,102819,200.0837299210013,183.44752175157598,
941,102895,199.7284211741352,183.67335101527354,
942,102966,199.40236684807024,183.8481054173421,
943,103132,199.17813426401787,183.8794351610292,
944,103211,198.8118511223837,184.12589519751967,
945,103711,199.20892454541556,184.43239335574822,
946,103792,198.89779618441307,184.5828473718771,
947,103857,198.53693462094142,184.81893580374165,
948,103912,198.17808739343198,185.0512193878871,
949,104083,197.93355214767598,185.10688145903933,
950,104164,197.5865180339624,185.31805151620205,
951,104664,197.99308340866665,185.64401032469948,
952,105164,198.38495856079993,185.93961008791257,
953,105664,198.79394007837735,186.26995754717157,
954,105903,198.65840400665684,186.21931754333775,
955,106313,198.81214430068707,186.18236056579275,
956,106491,198.5940891256776,186.20692925569736,
957,106538,198.32345240091075,186.2976409990108,
958,106614,198.02980381903023,186.42184490925945,
959,106983,198.0715951602247,186.32911345993955,
960,107069,197.7150180797456,186.5591261691806,
961,107559,197.86727067507434,186.52169958060003,
962,108059,198.27578664953123,186.85437268066434,
963,108559,198.6521977355487,187.1218902861377,
964,109059,199.07583351400493,187.48628378334755,
965,109365,199.11574612007124,187.3932129433275,
966,109449,198.77437931226052,187.59615339484995,
967,109815,198.8172442005687,187.50386236053626,
968,109885,198.47352579155717,187.711539632154,
969,110385,198.88961975280495,188.0607697810422,
970,110885,199.30640655084053,188.41103641782462,
971,111385,199.7353618036975,188.7872936592424,
972,111550,199.41919629468813,188.94717963126587,
973,112050,199.87894352523517,189.3932263921222,
974,112550,200.3282450364783,189.81408853722326,
975,113050,200.79993207896305,190.28699101429265,
976,113273,200.6273839475968,190.26578241464904,
977,113773,201.1377726494112,190.8356868409013,
978,114273,201.71947628751187,191.60276169924657,
979,114773,202.28372524668967,192.31612461725433,
980,115273,202.85637214526568,193.05126144790123,
981,115773,203.3255037808084,193.51093441225728,
982,115860,203.02986742639027,193.63390483454128,
983,116360,203.5448946449271,194.20717049290124,
984,116543,203.4969656055716,194.1142795136908,
985,117043,204.0047527958351,194.66849157073236,
986,117543,204.47853775403456,195.1371128670415,
987,118043,204.95081037933477,195.60120561332337,
988,118543,205.4184026395953,196.05332764456787,
989,119043,205.82684417700142,196.37429938833208,
990,119079,205.58322577941286,196.42456604352728,
991,119579,206.02231244516506,196.81094041546243,
992,120079,206.483462610775,197.24666001112217,
993,120579,206.9656815238093,197.7314825123856,
994,120651,206.61937884531068,197.93304802695005,
995,121151,207.11319162242435,198.44521936899545,
996,121651,207.6034744280782,198.94758549440007,
997,122151,208.12464530234496,199.52687823554584,
998,122651,208.65025112950713,200.1162589168127,
999,123151,209.2192378097218,200.82213232049762,
1000,123651,209.67322815948998,201.23394453065478,
1001,124151,210.1685309068014,201.7423371458637,
1002,124600,210.6824119423266,202.29604458895292,
1003,125034,211.17688767925225,202.80010758738186,
1004,125487,211.68582860828127,203.33892284010693,
1005,125987,212.19697146971438,203.8820458554131,
1006,126358,212.60985458126711,204.20062066385583,
1007,126732,213.0246368973563,204.52276665017936,
1008,127116,213.45260266920678,204.87191433089507,
1009,127479,213.85187339182934,205.16236401984418,
1010,127903,214.3254061912996,205.61170242730827,
1011,128266,214.72517580888274,205.90233093782442,
1012,128673,215.17744023067982,206.3023749591497,
1013,129173,215.7371787242763,206.96792577479604,
1014,129575,216.17986092509796,207.34510629932228,
1015,129989,216.62956813802683,207.73710393732296,
1016,130489,217.06254536296984,208.09255288461512,
1017,130821,217.41931918559652,208.3008786692779,
1018,131185,217.81649956135792,208.58347977382053,
1019,131526,218.18339668942116,208.80950345528018,
1020,131967,218.67358948025765,209.2928969572309,
1021,132273,218.99691436189937,209.44508567289074,
1022,132611,219.3582303163552,209.6607062036605,
1023,133004,219.78812049224928,210.00836577173803,
1024,133408,220.23117900788793,210.38360112973288,
1025,133728,220.56487082543532,210.55189512850353,
1026,134003,220.84502958802366,210.64031670782623,
1027,134335,221.19552821198135,210.83686471758128,
1028,134604,221.46791796216223,210.91501030755003,
1029,134922,221.79325485113887,211.0704097423891,
1030,135240,222.12300542729378,211.23293662443322,
1031,135521,222.40675823742367,211.32677752355153,
1032,135774,222.65603385912024,211.3759619516202,
1033,136035,222.91663526270372,211.4394266345241,
1034,136287,223.1652615970145,211.48817815486316,
1035,136540,223.41388904081117,211.53711755116123,
1036,136824,223.697520431352,211.63180644788267,
1037,137057,223.92674908337287,211.65837789087013,
1038,137303,224.16718851555143,211.69803930310098,
1039,137545,224.40092105576272,211.7300944109333,
1040,137792,224.63886191389102,211.76721024092993,
1041,138040,224.87955795602778,211.8077529114682,
1042,138295,225.1252609481692,211.85446673662577,
1043,138542,225.36063983053842,211.8891533045159,
1044,138823,225.63875074879124,211.97801780684378,
1045,139079,225.88452653639987,212.02533794276454,
1046,139326,226.12127146399916,212.06210526885215,
1047,139589,226.3762358972007,212.12114948333758,
1048,139868,226.64996777057007,212.20484994758138,
1049,140130,226.89963687113988,212.25762085632337,
1050,140388,227.1423136369226,212.30206647691907,
1051,140636,227.37560199134558,212.33564709826356,
1052,140906,227.63405370745727,212.40003097833483,
1053,141144,227.85529446483082,212.4203917035323,
1054,141382,228.07845702664525,212.44305866204644,
1055,141634,228.31565983600262,212.48194621769903,
1056,141879,228.5394583501296,212.50567904478115,
1057,142127,228.76965660678744,212.5368178568754,
1058,142371,228.99135732122488,212.55859477715018,
1059,142642,229.25227764774885,212.62765637444284,
1060,142886,229.4813388450373,212.65802013110707,
1061,143139,229.7108089792345,212.68903604874947,
1062,143396,229.95252410956783,212.7346247439573,
1063,143641,230.17515804381148,212.7582798636514,
1064,143887,230.40186733322176,212.78669473508774,
1065,144121,230.6199691532932,212.80572247342513,
1066,144426,230.91359695096008,212.92161583458682,
1067,144705,231.17961183305673,212.99896705112923,
1068,145014,231.48110950809658,213.12689000842062,
1069,145457,231.92251310748395,213.51502553153279,
1070,145768,232.22187469383067,213.63955826317002,
1071,146048,232.48876347010105,213.71817992516833,
1072,146346,232.7743285846568,213.8228005321523,
1073,146701,233.12708290422583,214.0349862012013,
1074,147042,233.46670065219692,214.22437029702948,
1075,147352,233.76404426433155,214.34632332662048,
1076,147709,234.12058494762294,214.5653804095029,
1077,148126,234.5461149640311,214.91950406279477,
1078,148484,234.90621846661665,215.14461291649107,
1079,148907,235.33913372053425,215.51413006794448,
1080,149407,235.8220301704581,215.9975585491845,
1081,149907,236.2107534923261,216.27524251406646,
1082,150407,236.40279385526216,216.26746670201024,
1083,150822,236.82923898088976,216.62224644896494,
1084,151250,237.26887162180225,217.00513258242907,
1085,151661,237.68742891879617,217.34242959588002,
1086,152144,238.19002985808947,217.87224254400948,
1087,152585,238.25791678857635,217.78349328391192,
1088,153029,238.70700177390555,218.18634185008912,
1089,153315,238.62364109675588,218.10347455012442,
1090,153815,239.0667476611058,218.49325436635283,
1091,154315,239.49784668859857,218.85638525747618,
1092,154815,239.87419334866257,219.10906047273568,
1093,155284,240.35310980233518,219.57986860995325,
1094,155784,240.85175449659351,220.09774386369517,
1095,156268,241.34412483444734,220.59916928472154,
1096,156768,241.78920246613234,220.9898302473524,
1097,156850,241.4579207561628,221.16118595901904,
1098,157350,241.82453493197013,221.3936918976758,
1099,157850,242.19581102290536,221.63465852989617,
1100,158350,242.56483036834206,221.87140915138676,
1101,158850,242.97236418364488,222.1821398976544,
1102,159350,243.4171153523333,222.5710882332773,
1103,159614,243.27547649106413,222.5198535109317,
1104,160114,243.69964579528997,222.8647255695179,
1105,160614,244.11983620405178,223.2009388054976,
1106,161104,244.24280454587634,223.13745545866183,
1107,161604,244.66508844428466,223.47834866380754,
1108,162104,245.07879050758666,223.801162151641,
1109,162604,245.52161433241994,224.18534091653086,
1110,163104,245.98945891765416,224.6252990239041,
1111,163604,246.43376711024817,225.01163168218298,
1112,164083,246.90494265470343,225.45809524021746,
1113,164583,247.34792224638568,225.84041027554318,
1114,165083,247.76664589180567,226.17083847160438,
1115,165530,247.86829194823036,226.09484864118792,
1116,166030,248.298459913216,226.44955227735107,
1117,166530,248.75887741949686,226.87015237050457,
1118,167030,249.238848187145,227.3353335163369,
1119,167530,249.7089675733132,227.77677722586765,
1120,168016,250.18381992704371,228.22851320723134,
1121,168516,250.63705513277793,228.63040298316312,
1122,169016,251.09185391752698,229.03524371891402,
1123,169500,251.56095316835314,229.47185439454566,
1124,170000,252.02173265227452,229.88892233664308,
1125,170500,252.47278636114413,230.28377489134627,
1126,170609,252.14532766987568,230.44338428196616,
1127,171109,252.59317816334223,230.83083704052237,
1128,171609,253.07528350946524,231.29544385635793,
1129,172109,253.5450717134213,231.73076640993338,
1130,172609,253.99873943407212,232.1292553501021,
1131,173109,254.42448743122355,232.46757566743383,
1132,173609,254.84940783667184,232.80387571487304,
1133,174109,255.2942908235682,233.1820221514975,
1134,174609,255.7107789130543,233.50040588168085,
1135,175109,256.1102193357074,233.78480459977536,
1136,175609,256.5423665492305,234.13497261040402,
1137,176109,256.9302811362677,234.39691596431874,
1138,176609,257.37529782349,234.77394694253238,
1139,177109,257.793588509835,235.0947180212385,
1140,177609,258.2109561564367,235.4133670010373,
1141,178109,258.6300197231623,235.73519610879183,
1142,178609,259.0917698678326,236.1476185523799,
1143,179109,259.51320393882577,236.47354119489793,
1144,179609,259.9350968950351,236.80012997932818,
1145,180109,260.35841288456083,237.12935094915474,
1146,180609,260.7905751016601,237.47654087308516,
1147,181109,261.20824430156114,237.79372759292846,
1148,181609,261.6264464969959,238.1117453384508,
1149,182109,262.03772253075454,238.4156880745873,
1150,182609,262.44680574024517,238.71509492067946,
1151,183109,262.8387803670211,238.98133448998237,
1152,183609,263.25904676557394,239.3027284095882,
1153,184109,263.6664008875159,239.5981821886628,
1154,184609,264.0867813915816,239.9193623907228,
1155,185109,264.5041483714075,240.2342296222886,
1156,185609,264.9207855088506,240.5474032277701,
1157,186109,265.32791402248546,240.8415518760293,
1158,186609,265.7220446161327,241.11053455228478,
1159,187109,266.13528300356825,241.41639930156,
1160,187609,266.55094387635944,241.72687040248073,
1161,188109,266.9792812436428,242.06275945627976,
1162,188609,267.4106795814228,242.40466458877202,
1163,189109,267.8641107225124,242.79292382121798,
1164,189609,268.3144972138752,243.17416210043456,
1165,190072,268.73140718888374,243.48559301709656,
1166,190572,269.12417254446143,243.7500919494135,
1167,191040,269.5404773893328,244.059981627268,
1168,191497,269.9474025451774,244.35121906283854,
1169,191754,269.8265420864134,244.2816075858379,
1170,192254,270.17738018157456,244.47165468494813,
1171,192717,270.5883645098211,244.77126808683462,
1172,193139,270.95347972966454,244.9856289255575,
1173,193561,271.3202515543392,245.20287815760878,
1174,194021,271.72701716646355,245.49403387410842,
1175,194440,272.08827759770236,245.70154051914145,
1176,194857,272.4457251378131,245.90250282150348,
1177,195251,272.7805523043831,246.06606152404393,
1178,195635,273.1042837629198,246.21222399371126,
1179,196047,273.4574976985536,246.4061885974517,
1180,196436,273.7831655623999,246.55546992895873,
1181,196817,274.09991800442396,246.69114019832708,
1182,197207,274.4249526077251,246.83962867740547,
1183,197590,274.74309221560515,246.97759279957518,
1184,197953,275.04120831331375,247.0861182395761,
1185,198425,275.45604188044473,247.39397811461984,
1186,198792,275.75615013179004,247.5053578750038,
1187,199161,276.0591826388629,247.62108723156967,
1188,199540,276.3694089686892,247.7475069548961,
1189,199919,276.6803322683062,247.8750750968525,
1190,200291,276.9814594904184,247.9883798650964,
1191,200712,277.3362143773121,248.18614682249836,
1192,201091,277.6456644457442,248.3117759042965,
1193,201467,277.9505450090856,248.43078161652036,
1194,201967,278.3092396605375,248.63559047499632,
1195,202349,278.62064474279236,248.7643680915423,
1196,202748,278.95060420210586,248.92181930552383,
1197,203118,279.24803300511576,249.03034046266083,
1198,203499,279.5578832355066,249.1571084244627,
1199,203892,279.87893770906504,249.30097037388066,
1200,204245,280.15558850990556,249.38112922638823,
1201,204643,280.4777282487802,249.5269400092555,
1202,205008,280.7632084108696,249.61925790854528,
1203,205343,281.01965444079195,249.67384245084645,
1204,205680,281.27574461129154,249.72814823591204,
1205,206007,281.52209973238337,249.77082559790773,
1206,206328,281.76026471347564,249.80409676575601,
1207,206617,281.96805403894496,249.80483852235758,
1208,206901,282.1657103499953,249.79582619149457,
1209,207176,282.35703690368007,249.78103098133946,
1210,207481,282.57818016744056,249.79616958591345,
1211,207742,282.7517556466583,249.7660017791844,
1212,208006,282.92708606820815,249.7374852382493,
1213,208263,283.09666809682125,249.70432378118053,
1214,208513,283.2591617437095,249.6656095573022,
1215,208751,283.4102420495415,249.6183559913055,
1216,209004,283.57562348953934,249.58227885377264,
1217,209268,283.7509475428161,249.55461856175668,
1218,209528,283.92016540149365,249.52199321282913,
1219,209776,284.0800157726591,249.48200726401694,
1220,210028,284.2408657908505,249.44296616325127,
1221,210293,284.41325453283326,249.413490974716,
1222,210560,284.5862411888175,249.38468514889686,
1223,210822,284.75947215908093,249.35625028069072,
1224,211085,284.9314864545667,249.32694868417022,
1225,211362,285.1171156356212,249.30976335691986,
1226,211626,285.28810756819814,249.27991749906005,
1227,211879,285.4476876562924,249.2409559220203,
1228,212131,285.60517660784177,249.20052152820176,
1229,212409,285.7875410849028,249.18107806547386,
1230,212662,285.9461455012256,249.14181693590663,
1231,212911,286.0975980046541,249.09723956286248,
1232,213158,286.2503525626949,249.0537975127182,
1233,213409,286.4049509844284,249.01191393404702,
1234,213663,286.5628608157735,248.972749594239,
1235,213895,286.6963189655858,248.9160835691736,
1236,214134,286.83826932109594,248.86537118306293,
1237,214375,286.981653036588,248.8158272248455,
1238,214615,287.1234749990403,248.76532860074667,
1239,214857,287.2684442976073,248.71722851268197,
1240,215082,287.39264294331247,248.65535265488768,
1241,215312,287.5249679244184,248.59882214636377,
1242,215538,287.6546908920654,248.5407379482423,
1243,215758,287.7769533765236,248.47810302079674,
1244,215977,287.8943827938033,248.4127148792679,
1245,216198,288.0186877731964,248.35163277139037,
1246,216421,288.13968232335816,248.28865997570693,
1247,216630,288.24652636408797,248.2177393274033,
1248,216838,288.35064697987707,248.14551445692723,
1249,217054,288.461815919096,248.07724481891083,
1250,217262,288.56383552163226,248.00420386064434,
1251,217469,288.66484722964213,247.93078429940556,
1252,217671,288.7594861173641,247.8543548641521,
1253,217877,288.85721028626983,247.77955945411793,
1254,218063,288.9368999004543,247.69680675957795,
1255,218253,289.02203082185946,247.61645491246136,
1256,218444,289.1060826184739,247.53577143769715,
1257,218630,289.1857145479381,247.45338259174747,
1258,218817,289.2642683328887,247.3706896567992,
1259,219006,289.3465820049823,247.2896639018175,
1260,219203,289.4363349908151,247.21202720871074,
1261,219379,289.5049012204881,247.1259709714423,
1262,219567,289.5845276382568,247.0442233720787,
1263,219751,289.65869352859204,246.9604581791825,
1264,219933,289.7329763039512,246.8768638192902,
1265,220116,289.8065329489059,246.7931208082747,
1266,220287,289.8670102575392,246.70500917117832,
1267,220465,289.9364218642706,246.61999862291262,
1268,220641,290.0045625531875,246.53466322961475,
1269,220830,290.0837346810071,246.4536321967155,
1270,221008,290.15107773323933,246.3682640974573,
1271,221187,290.2207951186876,246.28385826763227,
1272,221365,290.28951610681463,246.19921995354042,
1273,221549,290.3628054378342,246.11638122249698,
1274,221732,290.43592712909305,246.0336030279835,
1275,221910,290.50307409513744,245.94877805102197,
1276,222088,290.57080350700454,245.86427884906908,
1277,222256,290.62903976615,245.77679752543156,
1278,222425,290.6871261392085,245.68939051178532,
1279,222591,290.7439503351376,245.60172551679548,
1280,222759,290.80048759737025,245.5140946861962,
1281,222940,290.87087619668426,245.4311670139222,
1282,223120,290.93816314138104,245.34724615329085,
1283,223309,291.016124474582,245.2674979677416,
1284,223476,291.0726126166375,245.18031918667515,
1285,223649,291.1329389015077,245.0944325759846,
1286,223812,291.1848750614284,245.00619434297084,
1287,223980,291.24148658979,244.91940489262223,
1288,224143,291.2946430316399,244.83173577956313,
1289,224328,291.36734174308503,244.75065452965265,
1290,224485,291.4127094526918,244.6611935036763,
1291,224660,291.4765027724396,244.57715125273032,
1292,224833,291.5381883246924,244.49252863863208,
1293,225019,291.61198013098414,244.41235824932755,
1294,225202,291.68267896362005,244.33112528591045,
1295,225381,291.7504765785455,244.24894691041547,
1296,225557,291.81308557064426,244.1650922232395,
1297,225739,291.881090439498,244.0832252171395,
1298,225913,291.9413429853087,243.99883327173657,
1299,226079,291.99555226035994,243.91271647771623,
1300,226268,292.0699779876176,243.83364103799397,
1301,226449,292.13878160521114,243.75253696843265,
1302,226622,292.19898318337636,243.6685874941232,
1303,226811,292.27329379254985,243.58982494630993,
1304,227010,292.35854621566546,243.5158514758266,
1305,227206,292.43954018443657,243.440102694651,
1306,227383,292.504484935877,243.35819341768763,
1307,227563,292.5715193337283,243.27713956033358,
1308,227760,292.6528427884184,243.2018975146965,
1309,227950,292.7281687558926,243.12424714559242,
1310,228155,292.81680637317896,243.0525914201856,
1311,228364,292.9098536532423,242.98321592464436,
1312,228563,292.994221273978,242.9098065934972,
1313,228767,293.0811327842663,242.83769327056137,
1314,228954,293.15500007903256,242.76002791094263,
1315,229162,293.2462700933825,242.69025839023078,
1316,229365,293.33348486642547,242.61864769543286,
1317,229560,293.41374988351737,242.54399833740007,
1318,229749,293.4889467867766,242.46732608668702,
1319,229964,293.5886003553113,242.40239501050348,
1320,230165,293.67542107321367,242.33107349189575,
1321,230356,293.75232192993127,242.2554454561765,
1322,230557,293.83911746978913,242.18435012253877,
1323,230747,293.9156370926928,242.10879075096673,
1324,230949,294.0026002210039,242.03801241332113,
1325,231150,294.08908350156855,241.96712378147237,
1326,231348,294.1744211829552,241.89581314407343,
1327,231555,294.2686696074572,241.82900637820774,
1328,231760,294.36018126472834,241.7609232961811,
1329,231965,294.4516899186805,241.6929566492287,
1330,232174,294.5468880409586,241.62700217764305,
1331,232386,294.644067037916,241.5622154017595,
1332,232601,294.74452309260954,241.4993324057571,
1333,232809,294.8377873370864,241.43272602688063,
1334,233020,294.93558392332244,241.3686283783754,
1335,233232,295.0344954376357,241.3052555917086,
1336,233451,295.1393299727046,241.24534067595647,
1337,233659,295.23303526464906,241.17942617427877,
1338,233866,295.32512283672446,241.11279528865703,
1339,234066,295.4112705315774,241.0433423811255,
1340,234273,295.5035205259001,240.97702848399808,
1341,234485,295.60097920724553,240.91357866744121,
1342,234693,295.69482224063495,240.84832057368308,
1343,234896,295.7818759648874,240.77975596516887,
1344,235109,295.8793857569675,240.71668878870486,
1345,235330,295.98312992025143,240.65724195008755,
1346,235540,296.07829117699384,240.59314164920562,
1347,235748,296.17008988359703,240.52739809780934,
1348,235955,296.2615546082102,240.4615977417176,
1349,236157,296.3502384389461,240.39450715447995,
1350,236363,296.4413021831995,240.32873058318552,
1351,236572,296.5349195812015,240.26439285998447,
1352,236760,296.609200521415,240.19103930653705,
1353,236961,296.6935576609813,240.12229489016119,
1354,237164,296.7793321914645,240.05434156485188,
1355,237351,296.8513088472339,239.98035963779975,
1356,237545,296.9291337405164,239.90895968122408,
1357,237737,297.0046828206689,239.83668224550436,
1358,237931,297.08143693350513,239.7650326689386,
1359,238128,297.16229449457177,239.69532382668044,
1360,238315,297.23297533307823,239.62135141509987,
1361,238498,297.2990955438437,239.5457146952071,
1362,238678,297.3635151370262,239.4695525971264,
1363,238866,297.43334415543444,239.39556122688688,
1364,239038,297.4907628110962,239.31717888914957,
1365,239222,297.55794991423744,239.24236941295416,
1366,239398,297.6166085578695,239.16460222558945,
1367,239578,297.6796206266846,239.08845110274999,
1368,239751,297.73651944011664,239.01030741404813,
1369,239932,297.79974563694424,238.93444181558232,
1370,240104,297.8537004167478,238.8555662246356,
1371,240267,297.8985126239215,238.7742013965736,
1372,240440,297.9525580391407,238.69555727809032,
1373,240610,298.0049371766956,238.61650427186046,
1374,240779,298.05570652160355,238.53707380927972,
1375,240953,298.1110535744758,238.4591427880786,
1376,241123,298.16236680033586,238.38007160163713,
1377,241301,298.22185164256257,238.30371408975813,
1378,241470,298.27264602133585,238.22468800457798,
1379,241636,298.3212489029328,238.1451309720887,
1380,241820,298.3849719793473,238.0705915550785,
1381,242003,298.44687654380607,237.99549150241882,
1382,242182,298.50442053889765,237.91898090300228,
1383,242349,298.55317923112807,237.83985703803046,
1384,242523,298.6085887658644,237.76284617076107,
1385,242709,298.6734358996158,237.68923875070408,
1386,242887,298.7327598790888,237.61373374821494,
1387,243060,298.78498678879845,237.5360187873495,
1388,243234,298.8384068910807,237.45877005811647,
1389,243403,298.88845574759375,237.38059968990513,
1390,243564,298.93006956062743,237.30026382113664,
1391,243747,298.99124716031423,237.2259152696213,
1392,243926,299.04870133499776,237.15037061729626,
1393,244097,299.09880822676155,237.07260421647632,
1394,244268,299.1491464904505,236.99500281212437,
1395,244432,299.1937726818242,236.9159021393425,
1396,244601,299.2432273814476,236.83823468393314,
1397,244767,299.2870445548403,236.75911312367586,
1398,244934,299.33371949365323,236.68084967384794,
1399,245104,299.3820497146703,236.60314607433318,
1400,245272,299.42984618664576,236.52538613902723,
1401,245433,299.4700648600898,236.44574681036454,
1402,245598,299.5150668436855,236.3674092309941,
1403,245773,299.5680639291863,236.2914904101703,
1404,245940,299.61304564849456,236.21333501161905,
1405,246115,299.66449737798933,236.13712845958847,
1406,246281,299.7091398038753,236.0590697088356,
1407,246457,299.76210041896076,235.98352321168574,
1408,246616,299.7996666227613,235.9039158610286,
1409,246789,299.8506340024294,235.82794253456342,
1410,246954,299.89343534993986,235.74977533711007,
1411,247118,299.9367875935072,235.67184281225255,
1412,247278,299.97524388254647,235.5928035043422,
1413,247445,300.01954601876895,235.5153061386323,
1414,247615,300.0672369940822,235.4388367569346,
1415,247781,300.1091823854173,235.36091328169917,
1416,247936,300.1442704054466,235.28149313593363,
1417,248109,300.1927419357164,235.20552987297884,
1418,248267,300.2287731589531,235.126491596186,
1419,248429,300.2687749056555,235.04845434181075,
1420,248602,300.3167042082162,234.97261277955388,
1421,248760,300.35236935303436,234.89376445859585,
1422,248913,300.3826379537117,234.81392940740847,
1423,249087,300.43255458744005,234.73895538872566,
1424,249260,300.48103731148547,234.66364557586877,
1425,249438,300.53386889718166,234.5897646164699,
1426,249605,300.5769286255347,234.51312904916645,
1427,249773,300.62088536927223,234.43682118579974,
1428,249947,300.6703658088187,234.36217493510497,
1429,250117,300.71479966004716,234.28617549308396,
1430,250289,300.7616736187269,234.21094585107718,
1431,250451,300.7999005732649,234.1335594162291,
1432,250622,300.84575905980665,234.05822341270039,
1433,250799,300.8968094995252,233.9845169794052,
1434,250968,300.9411970074527,233.90895345843094,
1435,251141,300.98890025660836,233.83441559050155,
1436,251306,301.0287849096241,233.75786557532575,
1437,251481,301.0770239149691,233.68366593693398,
1438,251654,301.1239392749368,233.60916855301534,
1439,251823,301.16779878577694,233.53390637783852,
1440,252006,301.22461370051604,233.46275239415678,
1441,252181,301.27291983701565,233.38892999164855,
1442,252360,301.3234563766033,233.3158774610814,
1443,252532,301.3691916336703,233.24148544789261,
1444,252709,301.4188272098845,233.16833277173959,
1445,252881,301.46355887377314,233.09383559176106,
1446,253051,301.5086875570408,233.01953688201797,
1447,253216,301.54850987292406,232.94392684524018,
1448,253394,301.5985688603734,232.8712621487577,
1449,253575,301.65064758205637,232.79932743189215,
1450,253754,301.70114844329817,232.7269775200516,
1451,253936,301.7539494958793,232.65545628770204,
1452,254123,301.8114392760396,232.5856366599067,
1453,254305,301.86512697872763,232.51458657357531,
1454,254490,301.92135622632696,232.44449806815956,
1455,254686,301.9859302230091,232.37765221001715,
1456,254871,302.04180117832175,232.30761425343215,
1457,255049,302.09134141875757,232.23557289392593,
1458,255239,302.1498986974923,232.1666771376879,
1459,255429,302.2087651098232,232.09798419257717,
1460,255620,302.2689057372854,232.02985673396606,
1461,255803,302.32262554089175,231.95951738658948,
1462,255988,302.3772811510409,231.88958489573506,
1463,256170,302.4286689156993,231.81864710003012,
1464,256351,302.48036609877727,231.74789661056923,
1465,256562,302.5558283072449,231.68678052302283,
1466,256758,302.61903183090567,231.62038054160266,
1467,256933,302.6648284538325,231.5480630410287,
1468,257116,302.71751410818536,231.47798042562167,
1469,257296,302.7669208597708,231.4069222361714,
1470,257482,302.8233069793102,231.33829381841386,
1471,257652,302.86434294040134,231.26499939273234,
1472,257821,302.9060157434662,231.19195621046575,
1473,257994,302.95021708716087,231.11968814635028,
1474,258162,302.99052808089186,231.0464559831652,
1475,258329,303.03004600591146,230.9731049647916,
1476,258511,303.08070937375595,230.90304716865006,
1477,258686,303.12565888538563,230.83132748109335,
1478,258852,303.16357148433457,230.75782526695363,
1479,259027,303.20915015552464,230.68645570003093,
1480,259200,303.25244749999194,230.61451937410533,
1481,259380,303.3022683566415,230.54461573941757,
1482,259548,303.34131592779937,230.47171994672948,
1483,259710,303.3764715516724,230.39797724614218,
1484,259883,303.4201956987276,230.32649163922082,
1485,260057,303.4639977601367,230.25511043387453,
1486,260231,303.50764032428714,230.18376654949932,
1487,260404,303.55032079023295,230.1122366581369,
1488,260569,303.58692162838753,230.03923077643142,
1489,260738,303.62765569103885,229.9673397695657,
1490,260912,303.67174124538457,229.89645063060516,
1491,261081,303.71125982774606,229.82440551123744,
1492,261252,303.7518245677237,229.75271306183706,
1493,261422,303.79207147750475,229.68101805453415,
1494,261596,303.83455513372166,229.61000535282125,
1495,261773,303.8794707489559,229.53976529921235,
1496,261945,303.9202697715059,229.46845705464702,
1497,262131,303.9729324184979,229.4008446459805,
1498,262309,304.01911921073383,229.33122541266079,
1499,262490,304.067233722135,229.26228116379937,
1500,262668,304.1131889493958,229.19275398931217,
1501,262838,304.1511044209776,229.12110038326682,
1502,263016,304.1964470897876,229.05155223703025,
1503,263187,304.235855198597,228.98043495217644,
1504,263357,304.274165215767,228.90911679426858,
1505,263535,304.31875258334037,228.83958767531044,
1506,263721,304.3694931223244,228.7720678966886,
1507,263892,304.40864350022173,228.701198810109,
1508,264068,304.4517705090632,228.63148680116103,
1509,264245,304.49514582369846,228.56192495616423,
1510,264428,304.5430711969281,228.49381409628145,
1511,264600,304.5814646742625,228.42306366771896,
1512,264778,304.6255065060212,228.35393190153388,
1513,264953,304.6662162750001,228.28394391185864,
1514,265128,304.70829812168904,228.21441077007592,
1515,265311,304.75631663079065,228.14673083936114,
1516,265490,304.7991050897258,228.07755292165822,
1517,265665,304.83948938524134,228.00778852627116,
1518,265845,304.88478622703184,227.93950253555462,
1519,266019,304.9255700432341,227.8700010518536,
1520,266200,304.97070708651404,227.8018241951826,
1521,266377,305.0122533179197,227.7326867963742,
1522,266544,305.0473715065827,227.66198068142225,
1523,266722,305.0907652483147,227.59352340841136,
1524,266896,305.12963561928336,227.52389827263963,
1525,267063,305.1636762331571,227.45317009292322,
1526,267231,305.19683367841225,227.3823187325552,
1527,267392,305.2268564074439,227.31087817592157,
1528,267570,305.26963350141614,227.24263236565642,
1529,267733,305.3014542960957,227.17171471482942,
1530,267906,305.3397357972073,227.10239676784335,
1531,268078,305.3778910531542,227.03312218587416,
1532,268246,305.41220872853575,226.96298530537422,
1533,268408,305.4417417001114,226.89189207177017,
1534,268574,305.4747190036872,226.82160071842515,
1535,268756,305.5199390139712,226.75462225464682,
1536,268934,305.56278622490055,226.68701276599637,
1537,269107,305.60191563475274,226.6184463587216,
1538,269285,305.64361411347176,226.5506595519168,
1539,269461,305.68327289168656,226.48238481188267,
1540,269637,305.7234376305984,226.41432239714365,
1541,269815,305.76549222487574,226.34686360415893,
1542,269995,305.8085583043963,226.27977321696517,
1543,270174,305.8507808840919,226.21251292899206,
1544,270356,305.8956162208713,226.14610366583818,
1545,270542,305.9430149886785,226.08057714725376,
1546,270723,305.9866425255258,226.0139530625923,
1547,270909,306.0342800410772,225.94865596060671,
1548,271092,306.0782154092579,225.8822735150636,
1549,271279,306.1260062093755,225.81717798204068,
1550,271472,306.1779213795046,225.75356862472327,
1551,271672,306.2364501796388,225.69254357049286,
1552,271860,306.28542384691895,225.62806532183444,
1553,272060,306.3428801198924,225.56676820643048,
1554,272249,306.39126644102834,225.50224236104842,
1555,272443,306.4433830780119,225.43908361604625,
1556,272645,306.5017836349336,225.37839623244656,
1557,272848,306.56136526437,225.31826676195064,
1558,273060,306.627247998899,225.26094640893353,
1559,273264,306.6867619086042,225.20094174278884,
1560,273463,306.74244600881815,225.13948625210472,
1561,273670,306.8039125762283,225.08045408156738,
1562,273879,306.8682502273356,225.02275163918122,
1563,274082,306.9289336974161,224.96354062055443,
1564,274288,306.9906594867215,224.90484947258597,
1565,274497,307.0548471373478,224.84731306487407,
1566,274700,307.11371723435985,224.78757587816048,
1567,274920,307.1861217256553,224.73410489175845,
1568,275127,307.24729316955904,224.67548028707586,
1569,275350,307.3210154751745,224.62284104975015,
1570,275571,307.393300592892,224.5695476962867,
1571,275780,307.45485834273825,224.51131269102999,
1572,276003,307.5291193801868,224.45919153290907,
1573,276220,307.59705093901067,224.40399677515,
1574,276440,307.66663031797714,224.34967352030438,
1575,276645,307.7263024703636,224.29093458249508,
1576,276857,307.79187752152467,224.23486716847987,
1577,277077,307.8621447732474,224.1811165137971,
1578,277293,307.9289043482093,224.12575217341617,
1579,277525,308.00720740591396,224.07636047636052,
1580,277733,308.0669094863229,224.01800105656628,
1581,277941,308.12770777263853,223.96018213706805,
1582,278173,308.20706107986456,223.91161898693542,
1583,278399,308.28116597302824,223.86028891980752,
1584,278615,308.34775199702995,223.805295367149,
1585,278831,308.4143281331957,223.7503728584571,
1586,279051,308.4839678256039,223.69700435837717,
1587,279278,308.5587966172229,223.64637022230218,
1588,279499,308.6290007135199,223.59343311986146,
1589,279727,308.70258154372436,223.5422967060816,
1590,279950,308.77432487074407,223.4902878536564,
1591,280165,308.8393145263867,223.4350696342899,
1592,280387,308.9099239131522,223.382639779998,
1593,280628,308.9935637215726,223.33744951649342,
1594,280844,309.05848621776715,223.28241900162934,
1595,281083,309.1409178566336,223.2366742898495,
1596,281316,309.2185843261054,223.18828199897507,
1597,281544,309.29284007308775,223.13811376921765,
1598,281780,309.37260133391726,223.09105679326262,
1599,282005,309.44510030133745,223.04011613092854,
1600,282226,309.51482965137825,222.9878387373399,
1601,282457,309.5911868342161,222.93911068213882,
1602,282680,309.66159497366925,222.8873232049837,
1603,282902,309.7312445598995,222.8352286678563,
1604,283135,309.8093042594934,222.7876778537449,
1605,283392,309.90501738120446,222.75124875486154,
1606,283616,309.9770119357827,222.7005667192761,
1607,284116,310.1257267687149,222.7110205720171,
1608,284353,310.2046618917815,222.66424412250507,
1609,284581,310.27827519877167,222.6146119560155,
1610,284824,310.3648510925732,222.57256035098885,
1611,285052,310.4392261313877,222.52348278106626,
1612,285290,310.52048933738973,222.4783616614829,
1613,285511,310.590913417298,222.42735924281124,
1614,285763,310.6835250220094,222.38954944381666,
1615,285996,310.7596484761122,222.3417209580644,
