episode,reward
1,2.638393
2,-1.521491
3,15.722082
4,-26.764875
5,-95.133200
6,64.450109
7,-2.939488
8,139.328488
9,67.264736
10,39.039227
11,1.949432
12,87.196784
13,122.941024
14,-167.399220
15,93.150227
16,52.438131
17,25.607954
18,-39.847111
19,-12.051196
20,-30.557263
21,-31.309604
22,6.323032
23,-67.012548
24,8.021230
25,30.848524
26,81.131130
27,21.055724
28,14.791062
29,28.071939
30,21.279755
31,3.340792
32,-74.131352
33,-28.255632
34,26.934920
35,113.135686
36,-79.760709
37,66.087108
38,-0.528070
39,2.630831
40,-39.066550
41,55.874438
42,-9.531707
43,-75.402653
44,-10.828745
45,4.354620
46,-18.060229
47,79.104889
48,-57.591901
49,19.841478
50,37.278021
51,215.989964
52,-9.833410
53,-21.466608
54,-18.282418
55,-20.949837
56,85.925095
57,-52.325072
58,137.386960
59,237.075774
60,-31.393248
61,9.247951
62,-1.060436
63,81.402291
64,6.532093
65,8.140151
66,-55.447063
67,30.517212
68,21.834031
69,112.918303
70,16.322392
71,-68.732011
72,5.298770
73,14.268619
74,-6.365271
75,58.540613
76,4.604121
77,28.873611
78,52.100589
79,-25.003699
80,-47.365391
81,-58.312675
82,1.275985
83,-1.929074
84,-13.412316
85,-19.423806
86,121.126104
87,-38.126592
88,-154.386348
89,57.552031
90,33.548283
91,7.828042
92,-92.804745
93,326.755936
94,-90.026932
95,-35.645365
96,19.538268
97,-70.043091
98,-10.636534
99,94.009053
100,78.063868
101,84.438483
102,-33.560838
103,69.992905
104,55.985006
105,-20.342381
106,-22.058369
107,-25.216800
108,35.415421
109,37.063893
110,-38.422806
111,71.118666
112,-29.027311
113,238.570230
114,-8.568391
115,6.915658
116,-56.207618
117,5.816481
118,-45.519222
119,-45.353310
120,-49.104741
121,12.918750
122,4.886208
123,-33.643163
124,50.552941
125,-39.708502
126,66.823212
127,-67.105322
128,85.157378
129,60.247604
130,-113.703535
131,104.912728
132,177.699020
133,44.933915
134,289.074160
135,-31.630861
136,-132.999807
137,68.221453
138,188.959965
139,58.359156
140,13.761177
141,-51.218748
142,69.754670
143,11.908686
144,20.941743
145,-16.279011
146,-31.503569
147,10.931914
148,19.612398
149,27.345526
150,-89.006517
151,-66.331122
152,-8.112217
153,84.552647
154,-84.838766
155,17.194314
156,41.044134
157,49.159822
158,16.802769
159,9.056391
160,-140.357925
161,83.011393
162,54.524507
163,107.420336
164,3.861307
165,-2.554728
166,64.288719
167,-29.947073
168,43.433773
169,-30.089804
170,-4.282184
171,8.490019
172,-6.028321
173,-149.321628
174,37.931621
175,-11.654219
176,61.129320
177,-118.920670
178,12.998393
179,-55.656296
180,158.490357
181,-10.529839
182,50.204516
183,-24.568154
184,-77.597653
185,-40.567504
186,-17.212877
187,-68.677323
188,-12.382346
189,218.295043
190,27.579009
191,-190.621341
192,-94.377451
193,17.107866
194,-42.407277
195,-36.310756
196,-4.598334
197,-35.030469
198,-103.573956
199,-35.391051
200,-95.530416
201,84.933452
202,-32.975082
203,114.182596
204,65.527290
205,-60.910486
206,69.809060
207,-1.139687
208,-77.484301
209,-29.557612
210,-36.816400
211,39.172666
212,-53.140679
213,-26.758503
214,-52.312616
215,-24.375029
216,291.939625
217,13.520113
218,-5.949378
219,15.746198
220,31.145785
221,15.239972
222,8.273668
223,11.812509
224,96.717337
225,-55.697868
226,-32.732431
227,-18.354384
228,50.553494
229,34.664494
230,-43.888683
231,-4.892898
232,57.155416
233,88.669855
234,2.576085
235,-42.402128
236,-118.217832
237,-30.596461
238,63.641940
239,-15.001373
240,-36.176792
241,-1.729057
242,27.270509
243,-40.077469
244,-118.254377
245,14.988205
246,-9.768454
247,-32.246244
248,36.922017
249,-31.246854
250,45.426419
251,56.991300
252,12.938278
253,-29.445971
254,-70.780050
255,7.513686
256,28.625835
257,27.810813
258,-0.076426
259,-52.951933
260,3.639871
261,25.763455
262,13.457509
263,-108.229652
264,9.314917
265,-34.847614
266,117.461254
267,-30.962299
268,-8.725727
269,-3.749482
270,-58.357554
271,-178.653373
272,35.022116
273,-162.513738
274,-39.495615
275,-9.749106
276,-45.132655
277,163.870090
278,25.559112
279,-18.298070
280,-16.439686
281,50.831520
282,4.038080
283,-9.981830
284,90.740809
285,-31.907750
286,-44.305996
287,-69.547767
288,89.193263
289,-23.165515
290,25.137707
291,-29.983789
292,-14.821188
293,28.730307
294,15.760934
295,-36.612106
296,24.258401
297,-57.179612
298,18.491064
299,-36.504936
300,-36.981936
301,-14.641781
302,-10.119859
303,-45.047872
304,15.294173
305,-26.017833
306,-48.422763
307,15.454854
308,-18.141210
309,35.130047
310,49.902197
311,41.307602
312,73.214436
313,33.077072
314,65.954543
315,245.106342
316,-26.931278
317,-38.390854
318,61.412338
319,78.386930
320,-128.523214
321,38.439590
322,28.909065
323,8.387784
324,-13.857270
325,-30.298126
326,96.623486
327,13.417769
328,83.063488
329,-202.991070
330,31.257890
331,327.263287
332,18.916391
333,212.947151
334,265.741157
335,32.569829
336,-5.866115
337,-32.160727
338,34.092960
339,49.217429
340,269.652185
341,1.516562
342,82.726135
343,301.560221
344,204.348510
345,36.697282
346,31.312578
347,52.101580
348,11.861461
349,52.659262
350,314.514932
351,17.341941
352,23.126419
353,121.390242
354,209.171889
355,-38.125061
356,8.636839
357,94.679550
358,20.539624
359,47.819141
360,54.062730
361,-33.379475
362,22.480570
363,-15.760665
364,35.514416
365,43.296153
366,74.195249
367,15.512950
368,37.513737
369,58.150522
370,89.089711
371,108.950022
372,139.695855
373,176.545650
374,34.625208
375,97.566636
376,-4.008473
377,275.441835
378,52.187286
379,-26.832959
380,3.632824
381,33.286263
382,87.164808
383,248.440522
384,66.193813
385,41.631713
386,94.319294
387,59.181500
388,80.168002
389,-114.170015
390,168.955657
391,-102.209020
392,228.174233
393,152.556694
394,143.644836
395,150.909716
396,19.719061
397,81.636197
398,-2.758416
399,19.331976
400,52.323145
401,-27.747266
402,34.416846
403,59.790363
404,-26.389126
405,76.061654
406,6.321573
407,-111.631139
408,174.844159
409,5.056836
410,31.129051
411,36.618818
412,-82.633829
413,-19.177395
414,4.710161
415,215.422657
416,129.189852
417,39.877066
418,115.925958
419,98.506066
420,-2.191185
421,13.194362
422,23.581371
423,70.257466
424,-17.957393
425,-11.312865
426,-52.401959
427,76.433247
428,27.047139
429,329.821532
430,-130.025475
431,278.278568
432,205.097558
433,289.690489
434,93.708598
435,70.898171
436,52.625402
437,33.799484
438,151.085193
439,79.896941
440,299.325202
441,32.251505
442,79.604175
443,30.706084
444,135.519938
445,51.929560
446,-115.062393
447,-56.621245
448,255.597345
449,25.766109
450,-21.287407
451,405.000978
452,299.709849
453,142.571105
454,6.187105
455,42.548572
456,-7.480555
457,71.612173
458,114.712011
459,24.905998
460,63.808890
461,-0.693904
462,-125.305551
463,39.790072
464,-93.814888
465,74.409154
466,-12.147949
467,49.390742
468,-17.634177
469,8.224491
470,-10.920764
471,-13.912385
472,161.097837
473,-35.155288
474,303.685249
475,6.253362
476,48.878316
477,-31.565274
478,29.617483
479,58.881344
480,35.012774
481,54.052062
482,399.246779
483,198.387372
484,20.662341
485,362.070431
486,39.693656
487,-18.083424
488,122.745606
489,58.269972
490,241.429993
491,292.942454
492,162.467417
493,176.662120
494,85.132972
495,83.785234
496,55.501150
497,301.681156
498,47.021444
499,161.427421
500,284.946095
501,-36.520215
502,123.051514
503,52.860008
504,305.530817
505,156.634939
506,152.539036
507,41.338456
508,11.649542
509,44.670408
510,61.438712
511,-3.270416
512,90.707062
513,336.204629
514,-147.778956
515,152.285879
516,29.413374
517,320.788480
518,-55.833890
519,359.070370
520,19.132504
521,304.527227
522,-19.206653
523,142.423176
524,53.363202
525,131.011371
526,178.880187
527,166.618491
528,-143.858248
529,-12.367309
530,57.549240
531,327.160631
532,234.284014
533,36.720418
534,66.001326
535,314.966811
536,111.986413
537,14.762724
538,-12.081174
539,60.665565
540,20.837256
541,32.309985
542,75.533234
543,406.661355
544,305.096004
545,387.842767
546,206.456563
547,275.829020
548,174.330033
549,313.971322
550,407.076017
551,328.970513
552,340.834782
553,387.260314
554,49.677445
555,330.005918
556,81.886533
557,367.125044
558,304.060052
559,332.345266
560,54.652193
561,11.871895
562,-46.874884
563,299.641737
564,352.713186
565,73.812615
566,370.632465
567,295.444640
568,307.391690
569,302.812799
570,294.464751
571,291.493029
572,349.715828
573,89.222271
574,313.254154
575,327.756874
576,2.357616
577,301.433082
578,359.557793
579,379.537792
580,327.856684
581,46.273155
582,289.723082
583,308.093701
584,91.259286
585,48.510252
586,-25.783871
587,325.456083
588,342.274473
589,294.291360
590,50.785502
591,9.646259
592,322.327776
593,125.269138
594,290.649295
595,330.237303
596,398.391593
597,317.577748
598,313.380469
599,325.360514
600,325.797797
601,310.791695
602,28.155356
603,268.349682
604,333.232182
605,506.339574
606,36.414967
607,314.365788
608,136.258339
609,49.896981
610,283.412611
611,471.259346
612,277.740385
613,300.332452
614,284.753954
615,329.542085
616,339.479314
617,92.919005
618,273.497440
619,480.980383
620,8.140859
621,346.702268
622,215.329843
623,9.557662
624,340.669841
625,197.306377
626,355.110853
627,283.160102
628,263.562994
629,389.708452
630,297.613700
631,346.906962
632,290.960768
633,348.052756
634,49.763539
635,283.846623
636,84.294592
637,202.725727
638,318.865658
639,257.567495
640,354.841885
641,310.822009
642,-16.474571
643,306.942548
644,98.446970
645,315.867204
646,238.012365
647,274.367227
648,309.308424
649,320.437702
650,14.738317
651,190.018368
652,86.181551
653,333.774061
654,42.429690
655,44.783724
656,302.447194
657,307.190379
658,292.164197
659,57.554803
660,224.650680
661,349.587285
662,380.531591
663,324.551863
664,289.555616
665,91.382767
666,330.876098
667,46.242866
668,425.044670
669,88.076039
670,94.804787
671,367.939713
672,261.540715
673,151.986058
674,92.751034
675,189.923647
676,-12.671759
677,348.760411
678,75.277197
679,125.239136
680,298.587288
681,267.912441
682,140.443220
683,335.083505
684,191.841228
685,84.208924
686,84.062488
687,251.609090
688,29.573748
689,351.650032
690,327.518612
691,302.629820
692,110.672196
693,329.854088
694,288.415697
695,349.771314
696,517.245849
697,283.453395
698,368.948904
699,467.044190
700,375.324615
701,305.138262
702,307.300348
703,319.070179
704,287.983390
705,313.733889
706,326.009371
707,269.096721
708,330.325282
709,314.068835
710,403.142965
711,238.604088
712,297.775627
713,265.423703
714,286.771246
715,362.224611
716,70.188725
717,314.424503
718,266.475553
719,326.816148
720,484.963524
721,404.616695
722,413.806988
723,290.704652
724,309.494396
725,128.966213
726,281.881700
727,280.829074
728,369.393381
729,293.224911
730,275.983494
731,318.950358
732,296.786959
733,286.613408
734,270.880662
735,326.308032
736,321.192350
737,356.617920
738,306.430776
739,351.275775
740,283.192063
741,311.588036
742,355.148710
743,260.626468
744,364.380668
745,288.838847
746,331.457202
747,257.044715
748,288.226339
749,299.034564
750,317.371801
751,294.840415
752,336.902822
753,362.718001
754,299.177462
755,299.191841
756,305.357584
757,343.962026
758,271.991849
759,317.342746
760,295.423549
761,278.295126
762,355.072253
763,310.043285
764,394.277717
765,351.797770
766,297.772251
767,331.898876
768,60.171610
769,206.050696
770,331.239361
771,310.570907
772,294.256917
773,291.244211
774,329.597333
775,290.027994
776,273.502137
777,261.326666
778,270.209209
779,310.275483
780,275.136245
781,291.623130
782,291.879491
783,288.570457
784,320.972296
785,272.490769
786,365.246150
787,273.790080
788,319.685054
789,281.283877
790,324.710108
791,350.378912
792,311.970183
793,274.822926
794,0.000831
795,136.898324
796,306.232170
797,347.202556
798,316.975905
799,341.900596
800,365.391829
801,305.436222
802,365.237021
803,320.802431
804,420.021150
805,368.544153
806,321.654068
807,317.935181
808,330.368936
809,299.027529
810,318.293282
811,285.841204
812,318.882018
813,87.473445
814,278.709089
815,425.531895
816,326.164985
817,286.566179
818,335.770462
819,289.049154
820,289.137674
821,311.284627
822,256.728158
823,340.176386
824,294.634309
825,442.127217
826,257.229258
827,331.299639
828,297.545862
829,272.176630
830,319.227021
831,296.489652
832,304.162625
833,311.773472
834,300.864918
835,307.708904
836,307.975187
837,290.111171
838,304.434135
839,261.201766
840,263.729617
841,283.736932
842,359.355089
843,304.949097
844,294.286564
845,308.422599
846,330.781077
847,307.170075
848,322.465868
849,338.401748
850,381.342231
851,293.517290
852,323.666642
853,328.457290
854,314.120612
855,306.812027
856,349.346370
857,277.029976
858,414.949561
859,290.874911
860,300.978534
861,281.878640
862,335.971155
863,327.226889
864,273.915189
865,319.631663
866,323.639590
867,283.983299
868,287.220541
869,309.616813
870,296.841678
871,282.992222
872,443.066451
873,280.033220
874,279.136171
875,301.566087
876,310.830077
877,289.666733
878,315.999686
879,371.850726
880,330.882841
881,325.739150
882,425.724923
883,280.372437
884,294.181388
885,253.128673
886,307.535274
887,274.794456
888,327.776326
889,321.778650
890,386.677336
891,269.541626
892,303.377411
893,317.649667
894,310.912894
895,400.168351
896,311.353381
897,334.830429
898,269.583229
899,342.817851
900,342.851127
901,314.800339
902,305.503902
903,286.068601
904,322.453008
905,283.361944
906,275.307547
907,274.995840
908,356.166144
909,417.861887
910,299.781802
911,337.614794
912,384.477678
913,295.277495
914,326.446134
915,274.474823
916,253.493621
917,367.404203
918,314.417783
919,284.634039
920,342.664482
921,346.526482
922,278.261647
923,304.467602
924,305.982363
925,335.403637
926,294.851533
927,348.280286
928,322.656766
929,318.856389
930,296.658212
931,267.174650
932,306.394652
933,288.350493
934,363.547315
935,342.423064
936,266.004266
937,313.292992
938,313.666794
939,329.034167
940,288.832231
941,303.017429
942,300.529757
943,337.741510
944,264.851130
945,321.337446
946,355.639836
947,296.712893
948,375.932889
949,353.199939
950,300.747586
951,450.553810
952,331.197207
953,312.909254
954,281.723481
955,288.224635
956,317.638639
957,302.746858
958,280.121377
959,290.255369
960,285.663287
961,278.774010
962,430.231578
963,299.886241
964,282.090055
965,290.998603
966,385.588941
967,293.025261
968,291.634713
969,263.247411
970,281.871821
971,330.134418
972,367.897518
973,351.861322
974,306.483470
975,317.214955
976,299.401539
977,294.819503
978,306.577876
979,298.825343
980,333.235297
981,289.299811
982,317.034033
983,316.474257
984,327.888293
985,300.681116
986,294.105009
987,275.030932
988,288.937733
989,309.370508
990,318.193532
991,302.069104
992,281.282125
993,286.023486
994,300.931745
995,337.168733
996,383.778423
997,289.951593
998,432.214429
999,293.991839
1000,265.663195
1001,281.419570
1002,278.575370
1003,295.178566
1004,463.424881
1005,264.690776
1006,309.440426
1007,297.674051
1008,332.897235
1009,436.115884
1010,308.537874
1011,303.931409
1012,320.440856
1013,291.442213
1014,278.318253
1015,265.046742
1016,290.365925
1017,271.858641
1018,336.070711
1019,322.480945
1020,312.429333
1021,297.447225
1022,315.494533
1023,312.578623
1024,310.967853
1025,314.970630
1026,319.846363
1027,301.635083
1028,332.632908
1029,272.116606
1030,383.187195
1031,414.684785
1032,303.418622
1033,325.180350
1034,334.002446
1035,306.079725
1036,319.903760
1037,418.637431
1038,443.524234
1039,312.209571
1040,296.348026
1041,285.264453
1042,322.108584
1043,277.320431
1044,290.099894
1045,292.814783
1046,294.068027
1047,303.025321
1048,280.029885
1049,317.052916
1050,303.655119
1051,252.739003
1052,301.057176
1053,288.789975
1054,424.033592
1055,319.582647
1056,307.029330
1057,310.073908
1058,373.308628
1059,265.180856
1060,271.126683
1061,404.174812
1062,283.699121
1063,307.296522
1064,315.559298
1065,327.864525
1066,399.603036
1067,308.139152
1068,312.365197
1069,273.200423
1070,347.757905
1071,301.422109
1072,326.300770
1073,322.112577
1074,319.133816
1075,281.282404
1076,308.911847
1077,292.212626
1078,307.429204
1079,326.750437
1080,306.602072
1081,334.212679
1082,391.536034
1083,300.049831
1084,352.486786
1085,283.210478
1086,381.865788
1087,285.275160
1088,327.691893
1089,324.836067
1090,348.537136
1091,335.033963
1092,300.323182
1093,341.251001
1094,407.548120
1095,276.626593
1096,318.362187
1097,339.706671
1098,329.845442
1099,478.760425
1100,305.004676
1101,298.551252
1102,354.220907
1103,262.038276
1104,273.158662
1105,269.132408
1106,303.921228
1107,320.150775
1108,325.166011
1109,275.115186
1110,293.194924
1111,435.933309
1112,388.332999
1113,409.874928
1114,310.466487
1115,299.292109
1116,334.249914
1117,424.657158
1118,317.060798
1119,318.737021
1120,284.461910
1121,360.280469
1122,327.208726
1123,312.392234
1124,311.517474
1125,282.203536
1126,304.475468
1127,419.509749
1128,393.266353
1129,339.133717
1130,327.470419
1131,397.818904
1132,341.220964
1133,352.837427
1134,350.473110
1135,369.639745
1136,340.942299
1137,294.687816
1138,339.119931
1139,350.936639
1140,431.715847
1141,387.477967
1142,429.951769
1143,341.414600
1144,261.676021
1145,303.812249
1146,279.142258
1147,444.249178
1148,352.226898
1149,297.592075
1150,347.656168
1151,349.645043
1152,407.285565
1153,389.713465
1154,438.207968
1155,359.480869
1156,288.054598
1157,327.001352
1158,373.028847
1159,272.314793
1160,424.493930
1161,423.809107
1162,353.863285
1163,292.462971
1164,336.071532
1165,359.647307
1166,351.273499
1167,432.073086
1168,355.445886
1169,459.633042
1170,298.170248
1171,408.682355
1172,315.604963
1173,444.552321
1174,309.824704
1175,322.901275
1176,296.397048
1177,443.394476
1178,398.775354
1179,325.581684
1180,424.206702
1181,332.816991
1182,355.256809
1183,393.858626
1184,334.756448
1185,405.578281
1186,429.234160
1187,277.795155
1188,418.154739
1189,330.166060
1190,314.559481
1191,426.749701
1192,455.098021
1193,325.422640
1194,409.804079
1195,285.357339
1196,411.987192
1197,412.635217
1198,342.729484
1199,276.749283
1200,433.791119
1201,357.586434
1202,431.469964
1203,391.259145
1204,420.234925
1205,432.886836
1206,345.888571
1207,324.156270
1208,506.626992
1209,389.315155
1210,391.250179
1211,299.998397
1212,364.821662
1213,467.070497
1214,310.559979
1215,415.946231
1216,436.718428
1217,254.872835
1218,379.365679
1219,420.119601
1220,344.753191
1221,349.255892
1222,461.194280
1223,423.468544
1224,477.327296
1225,377.019134
1226,342.358108
1227,450.068747
1228,407.194346
1229,422.251116
1230,457.122369
1231,396.604364
1232,326.400515
1233,290.891527
1234,317.281908
1235,353.065636
1236,317.669351
1237,441.633464
1238,404.105955
1239,474.512922
1240,347.243429
1241,302.022763
1242,364.253693
1243,333.994495
1244,275.243970
1245,361.972756
1246,327.399078
1247,439.446475
1248,374.418679
1249,306.598203
1250,418.623375
1251,477.539495
1252,309.800917
1253,408.110109
1254,394.308410
1255,453.036908
1256,281.226663
1257,386.866114
1258,275.927861
1259,411.156447
1260,481.796971
1261,425.913599
1262,337.677655
1263,482.206739
1264,432.453606
1265,298.949957
1266,501.709095
1267,415.295899
1268,436.819761
1269,429.391239
1270,412.885919
1271,410.669915
1272,438.272798
1273,321.975235
1274,302.722769
1275,443.216000
1276,457.115040
1277,389.354575
1278,342.646005
1279,317.054666
1280,450.014150
1281,440.976361
1282,494.929264
1283,415.362912
1284,425.369298
1285,455.865014
1286,371.968578
1287,438.678090
1288,294.067097
1289,455.767234
1290,340.373703
1291,338.402922
1292,315.728957
1293,417.517208
1294,390.095785
1295,456.129287
1296,371.555563
1297,470.774321
1298,304.048916
1299,496.396493
1300,332.533204
1301,444.201841
1302,451.855464
1303,373.274352
1304,296.568148
1305,350.291011
1306,421.523980
1307,428.739060
1308,417.961275
1309,494.377814
1310,567.167842
1311,477.534645
1312,470.077876
1313,377.990932
1314,341.140735
1315,425.652242
1316,443.473852
1317,450.905965
1318,438.702418
1319,435.850607
1320,280.731720
1321,452.384303
1322,421.293997
1323,430.539864
1324,445.193381
1325,311.929822
1326,397.159124
1327,434.401124
1328,466.992302
1329,463.273274
1330,475.622096
1331,396.897933
1332,406.906622
1333,298.186633
1334,514.600228
1335,454.860442
1336,284.847601
1337,450.937256
1338,406.991825
1339,457.540075
1340,406.639602
1341,269.903649
1342,435.750819
1343,430.609500
1344,341.512790
1345,396.019689
1346,399.449887
1347,478.291384
1348,396.817632
1349,377.570798
1350,469.142206
1351,444.153627
1352,387.406771
1353,436.944691
1354,313.020936
1355,430.024306
1356,325.759159
1357,440.963024
1358,497.470688
1359,340.582081
1360,382.637968
1361,505.436814
1362,440.338180
1363,374.223948
1364,397.361578
1365,348.811017
1366,415.751284
1367,440.328437
1368,449.958882
1369,425.888206
1370,325.797524
1371,464.992270
1372,451.282814
1373,408.166566
1374,462.653409
1375,435.649635
1376,462.049256
1377,423.179905
1378,445.184242
1379,488.612971
1380,419.061931
1381,439.808802
1382,411.940356
1383,486.406667
1384,433.821200
1385,454.210008
1386,396.158188
1387,420.257760
1388,412.413933
1389,462.264986
1390,454.442855
1391,390.210599
1392,443.271277
1393,619.167095
1394,395.565257
1395,464.943697
1396,442.617940
1397,480.477407
1398,439.422534
1399,419.285333
1400,451.832955
1401,425.076222
1402,439.062831
1403,439.733339
1404,438.153020
1405,413.564930
1406,394.206111
1407,460.479174
1408,498.909200
1409,443.876525
1410,486.289623
1411,465.970747
1412,420.310432
1413,452.511392
1414,430.941348
1415,514.310543
1416,489.963560
1417,436.288767
1418,500.174096
1419,441.472843
1420,435.027164
1421,468.379875
1422,457.429464
1423,463.946184
1424,451.038724
1425,462.368500
1426,484.325835
1427,437.673318
1428,475.878085
1429,451.253809
1430,480.412925
1431,418.465219
1432,341.079453
1433,471.862697
1434,462.573943
1435,454.982488
1436,456.261317
1437,429.439954
1438,493.287716
1439,370.564059
1440,399.430126
1441,442.277318
1442,380.651466
1443,401.935537
1444,446.624190
1445,481.251505
1446,402.587590
1447,419.888263
1448,385.393822
1449,622.665939
1450,420.924530
1451,512.779180
1452,401.288834
1453,428.001831
1454,425.962313
1455,446.184515
1456,464.525188
1457,476.130136
1458,398.584312
1459,459.132375
1460,511.187111
1461,468.492442
1462,439.893325
1463,456.756206
1464,467.404589
1465,724.330611
1466,491.702779
1467,457.430471
1468,416.992541
1469,473.133479
1470,395.519282
1471,480.052194
1472,470.724710
1473,432.894000
1474,343.009242
1475,451.634834
1476,473.075240
1477,487.675410
1478,417.564481
1479,439.203469
1480,452.224904
1481,425.930804
1482,434.384421
1483,485.334009
1484,473.927097
1485,483.142138
1486,455.214796
1487,454.217142
1488,492.608667
1489,471.887502
1490,650.591848
1491,456.084091
1492,478.845346
1493,453.882308
1494,471.642246
1495,461.832588
1496,427.923453
1497,404.795859
1498,480.823600
1499,446.406344
1500,569.722213
1501,433.403571
1502,437.572187
1503,423.520407
1504,429.443587
1505,489.991704
1506,499.226962
1507,463.165983
1508,550.898911
1509,474.340145
1510,471.596367
1511,513.788127
1512,850.111416
1513,451.945718
1514,394.670499
1515,464.192680
1516,439.406780
1517,461.525256
1518,442.146659
1519,450.840325
1520,449.441018
1521,435.552965
1522,457.185974
1523,475.924826
1524,523.260123
1525,454.910221
1526,451.600397
1527,497.264089
1528,533.427294
1529,473.889143
1530,518.724426
1531,555.877218
1532,473.107136
1533,497.784148
1534,450.011601
1535,551.089195
1536,461.306088
1537,467.715935
1538,473.507000
1539,434.448779
1540,444.141257
1541,453.353025
1542,484.604033
1543,766.393216
1544,415.967088
1545,407.172615
1546,423.060467
1547,520.662400
1548,474.768827
1549,451.938221
1550,437.468531
1551,533.322489
1552,474.983000
1553,422.682330
1554,464.536571
1555,692.925656
1556,495.683923
1557,460.883339
1558,432.527790
1559,454.970863
1560,619.470253
1561,474.259401
1562,484.061937
1563,708.945521
1564,449.227862
1565,435.804397
1566,549.291223
1567,481.578762
1568,470.787161
1569,427.493395
1570,495.724720
1571,495.019766
1572,479.808328
1573,433.500394
1574,409.200139
1575,535.891616
1576,478.907063
1577,497.133034
1578,563.372576
1579,484.451164
1580,486.243750
1581,446.070817
1582,703.912481
1583,766.109335
1584,452.216555
1585,478.369774
1586,436.817998
1587,449.480595
1588,463.961779
1589,457.223453
1590,474.105624
1591,810.712114
1592,406.988362
1593,462.363197
1594,428.953519
1595,503.453793
1596,495.983435
1597,518.920747
1598,495.476452
1599,451.238978
1600,517.384542
1601,753.406342
1602,497.518226
1603,472.914878
1604,490.175229
1605,433.040599
1606,435.841313
1607,562.235559
1608,499.910819
1609,431.393463
1610,651.930534
1611,481.750289
1612,439.882751
1613,534.045002
1614,569.787491
1615,482.455142
1616,621.361184
1617,399.990034
1618,548.851854
1619,525.815670
1620,513.204646
1621,495.292904
1622,481.924835
1623,455.816874
1624,745.085809
1625,612.941369
1626,751.822869
1627,601.700858
1628,442.047292
1629,618.708293
1630,454.234370
1631,468.909252
1632,512.130005
1633,464.900059
1634,639.437626
1635,718.896168
1636,475.838531
1637,467.785229
1638,483.960214
1639,440.632797
1640,450.291069
1641,681.496832
1642,459.158911
1643,441.427116
1644,412.049970
1645,445.765216
1646,501.318142
1647,526.601454
1648,471.690312
1649,458.393906
1650,456.675080
1651,797.336220
1652,497.001784
1653,521.972350
1654,449.441990
1655,546.645106
1656,802.079568
1657,482.884029
1658,430.468270
1659,558.215417
1660,524.177979
1661,479.818215
1662,397.580670
1663,487.393392
1664,499.330270
1665,432.874003
1666,484.737863
1667,479.070365
1668,681.439688
1669,626.752815
1670,453.315371
1671,536.590406
1672,486.461745
1673,461.279446
1674,422.836220
1675,466.212686
1676,509.227665
1677,469.329652
1678,666.902644
1679,811.245539
1680,590.444106
1681,517.756820
1682,483.782542
1683,448.978738
1684,594.552274
1685,652.674447
1686,539.257294
1687,455.051865
1688,624.815203
1689,483.715748
1690,786.072517
1691,500.509924
1692,488.466247
1693,418.965992
1694,507.177264
1695,466.461685
1696,576.465408
1697,489.837177
1698,425.556470
1699,496.393365
1700,512.390763
1701,493.130928
1702,484.252610
1703,526.107702
1704,565.779514
1705,500.467449
1706,496.784774
1707,501.878621
1708,478.886795
1709,456.104830
1710,515.060875
1711,751.383916
1712,459.748033
1713,473.488375
1714,475.722654
1715,913.433754
1716,457.549463
1717,713.207588
1718,724.074417
1719,467.574282
1720,469.856785
1721,517.518360
1722,778.014304
1723,452.440196
1724,483.935957
1725,456.018921
1726,503.623536
1727,492.835395
1728,509.150834
1729,434.172491
1730,583.091071
1731,568.966602
1732,574.476064
1733,677.443223
1734,627.546869
1735,470.300655
1736,511.537830
1737,581.665875
1738,531.315757
1739,483.508293
1740,487.628056
1741,464.266635
1742,837.307721
1743,901.316491
1744,956.367178
1745,625.644426
1746,451.193278
1747,464.147560
1748,517.793861
1749,486.388388
1750,453.203752
1751,554.728424
1752,424.653391
1753,470.635559
1754,518.158218
1755,641.696604
1756,720.380391
1757,682.400987
1758,749.102953
1759,514.655877
1760,552.269490
1761,554.921684
1762,437.316363
1763,503.043162
1764,559.847432
1765,435.068241
1766,495.506870
1767,618.341894
1768,668.669832
1769,465.768002
1770,456.983441
1771,794.802835
1772,516.827576
1773,478.056547
1774,595.750527
1775,506.579863
1776,742.063009
1777,433.802629
1778,735.378756
1779,467.937832
1780,456.707768
1781,679.306800
1782,419.182984
1783,600.485191
1784,503.791576
1785,461.229033
1786,902.627667
1787,455.102112
1788,632.243488
1789,602.473976
1790,487.530119
1791,490.462133
1792,530.991509
1793,589.790015
1794,727.247814
1795,421.893680
1796,809.251036
1797,525.401940
1798,514.843330
1799,505.295399
1800,480.608356
1801,562.003733
1802,810.479136
1803,680.157125
1804,498.581664
1805,775.305243
1806,488.042074
1807,452.905890
1808,706.772952
1809,485.567292
1810,476.474984
1811,745.103547
1812,803.636767
1813,509.478947
1814,778.717584
1815,484.464061
1816,1931.060802
1817,694.206839
1818,509.105352
1819,500.399678
1820,812.601952
1821,500.857550
1822,467.231616
1823,737.864612
1824,502.360986
1825,583.698123
1826,514.533482
1827,531.441724
1828,486.143884
1829,759.518502
1830,508.536077
1831,815.463900
1832,535.123368
1833,509.787790
1834,724.567221
1835,510.206770
1836,496.169551
1837,903.243631
1838,894.545993
1839,802.373891
1840,521.079172
1841,525.253091
1842,808.813068
1843,483.617123
1844,826.753296
1845,687.504643
1846,534.797908
1847,541.103665
1848,847.879081
1849,486.897279
1850,1109.341299
1851,767.456625
1852,510.980574
1853,439.134095
1854,1183.815241
1855,520.869489
1856,869.528157
1857,526.101339
1858,748.944278
1859,479.990665
1860,687.435868
1861,784.294534
1862,742.515151
1863,575.415200
1864,661.499140
1865,614.819223
1866,575.296222
1867,521.766870
1868,495.172403
1869,670.236367
1870,701.915753
1871,516.569122
1872,1491.299429
1873,960.017510
1874,963.419911
1875,899.806661
1876,1015.000114
1877,1454.608251
1878,647.265444
1879,688.019414
1880,795.406918
1881,822.227385
1882,577.254271
1883,518.740786
1884,1925.824311
1885,560.180574
1886,782.723265
1887,991.217053
1888,533.319226
1889,653.218560
1890,1575.814801
1891,625.667132
1892,1311.186434
1893,941.306574
1894,726.294214
1895,1074.450105
1896,688.888968
1897,813.767618
1898,493.973852
1899,924.746449
1900,577.666970
1901,766.189132
1902,514.510589
1903,795.026266
1904,523.988312
1905,721.244748
1906,877.935871
1907,856.935365
1908,956.705746
1909,502.740452
1910,795.480298
1911,812.603535
1912,509.338586
1913,783.517579
1914,521.043235
1915,582.280812
1916,918.320291
1917,947.416965
1918,1046.361781
1919,642.934510
1920,534.581072
1921,556.832974
1922,502.578975
1923,823.906453
1924,524.428082
1925,753.461212
1926,837.131393
1927,812.941676
1928,552.100719
1929,793.634381
1930,797.756228
1931,817.791729
1932,833.795936
1933,493.494582
1934,884.212838
1935,767.738092
1936,943.431180
1937,878.163098
1938,1445.231142
1939,622.402533
1940,1157.774041
1941,895.956820
1942,764.415619
1943,1459.536428
1944,2195.154638
1945,850.767307
1946,755.447972
1947,1069.896994
1948,945.575366
1949,1984.052061
1950,843.604079
1951,898.063241
1952,769.486711
1953,840.450036
1954,501.749019
1955,1298.281691
1956,579.701035
1957,1146.237793
1958,603.813182
1959,840.187271
1960,1273.971369
1961,1165.155111
1962,984.826985
1963,835.258027
1964,795.025366
1965,785.090705
1966,765.433823
1967,465.723004
1968,761.958390
1969,881.135027
1970,1486.867506
1971,520.545338
1972,926.479700
1973,785.687319
1974,829.285179
1975,1112.904199
1976,945.206375
1977,1188.099196
1978,482.995332
1979,1225.199583
1980,1563.424660
1981,1063.160568
1982,1014.567794
1983,1043.935710
1984,936.457964
1985,867.994939
1986,559.290052
1987,894.968923
1988,888.785906
1989,801.383022
1990,995.267257
1991,832.864223
1992,651.083233
1993,807.897457
1994,808.998283
1995,1928.519253
1996,979.439353
1997,780.994678
1998,1251.698583
1999,912.376340
2000,530.372044
2001,1615.888017
2002,854.832411
2003,863.090157
2004,1435.435687
2005,1597.145730
2006,1556.057138
2007,807.831451
2008,988.296876
2009,815.986171
2010,1289.853111
2011,900.473372
2012,980.048211
2013,903.520259
2014,1189.177434
2015,1546.711595
2016,863.458388
2017,1823.858388
2018,1087.294735
2019,855.582158
2020,875.029721
2021,920.029035
2022,1069.969003
2023,1223.054472
2024,1243.409637
2025,2299.652463
2026,815.868323
2027,811.207502
2028,1359.026005
2029,945.620651
2030,786.261089
2031,1173.917750
2032,1558.181361
2033,1065.902656
2034,734.423030
2035,927.878579
2036,820.687829
2037,1081.246873
2038,1210.558942
2039,5134.106118
2040,1410.035464
2041,937.234373
2042,1598.908427
2043,902.940763
2044,1947.389233
2045,1758.368231
2046,2849.946055
2047,779.298427
2048,896.831925
2049,818.553588
2050,1884.511966
2051,865.029464
2052,806.836397
2053,1808.999739
2054,2217.376427
2055,1530.005283
2056,860.597849
2057,3161.886136
2058,2383.907943
2059,1678.877274
2060,975.939834
2061,1189.086641
2062,930.212793
2063,2612.688548
2064,1248.366059
2065,2313.603513
2066,2910.922115
2067,1780.167430
2068,3310.955783
2069,1923.017608
2070,1387.928253
2071,853.727525
2072,2462.829230
2073,1139.021517
2074,1247.984217
2075,1846.345811
2076,2469.029419
2077,1114.855263
2078,1712.234727
2079,1919.143053
2080,1136.122585
2081,1509.164773
2082,1411.885837
2083,1589.065186
2084,1590.453558
2085,2009.423715
2086,4528.273871
2087,1651.049973
2088,1667.210896
2089,1680.869320
2090,1811.483300
2091,908.783000
2092,2415.860536
2093,885.791984
2094,1898.275479
2095,2029.056168
2096,1119.489879
2097,1972.714153
2098,1073.093608
2099,1893.823809
2100,1751.114294
2101,1042.559607
2102,562.421569
2103,2590.626545
2104,843.712964
2105,1746.622918
2106,3896.124311
2107,546.291786
2108,2296.301914
2109,864.406811
2110,1272.582392
2111,2240.166356
2112,1015.981585
2113,4778.080330
2114,1369.081774
2115,1238.030296
2116,1291.744942
2117,2408.011986
2118,4219.361569
2119,2787.709303
2120,1239.097943
2121,1715.032635
2122,2899.345625
2123,2106.004037
2124,894.049301
2125,3296.151119
2126,871.702220
2127,1860.365230
2128,2402.047345
2129,1323.027631
2130,1789.667239
2131,953.070613
2132,867.029931
2133,1542.103313
2134,1155.427359
2135,864.637791
2136,3217.986981
2137,1328.514128
2138,1376.591109
2139,3406.325394
2140,2289.270404
2141,1376.098784
2142,1741.862274
2143,1274.476884
2144,1113.598656
2145,1167.652724
2146,1655.852719
2147,811.389803
2148,2079.896658
2149,2652.248020
2150,797.074212
2151,2819.159595
2152,1342.796979
2153,2963.671960
2154,1309.396504
2155,2854.500998
2156,1891.392186
2157,5282.088797
2158,2163.833896
2159,3021.001253
2160,2385.116092
2161,2333.209103
2162,4234.462224
2163,2575.457974
2164,1261.852626
2165,1042.791433
2166,1627.507445
2167,1518.775915
2168,1710.480359
2169,1352.831029
2170,2869.748073
2171,810.937842
2172,1763.426125
2173,3321.165025
2174,1782.160316
2175,1763.860740
2176,2214.086431
2177,1776.880853
2178,5768.099802
2179,2111.845789
2180,2771.109409
2181,3086.891451
2182,1545.268967
2183,1642.965796
2184,3417.712079
2185,3717.233340
2186,4710.455803
2187,1401.812383
2188,875.057391
2189,2509.995029
2190,1755.441461
2191,2143.249684
2192,1925.240845
2193,1752.835039
2194,1512.686477
2195,1435.607323
2196,2219.343315
2197,2178.405331
2198,2765.293098
2199,2456.385174
2200,944.496273
2201,2931.591274
2202,1382.245886
2203,1681.239306
2204,4584.389610
2205,1927.953915
2206,2261.012436
2207,2147.367227
2208,3553.760954
2209,4110.137229
2210,1995.108756
2211,1955.848027
2212,1175.463548
2213,1399.202105
2214,1597.210862
2215,2947.312450
2216,1258.457440
2217,1304.565455
2218,1539.820110
2219,1728.657204
2220,3006.605772
2221,1402.434885
2222,901.619795
2223,4872.257645
2224,3158.143103
2225,2920.538662
2226,1602.708259
2227,2241.259026
2228,2083.167900
2229,3356.781201
2230,4282.460225
2231,7075.901393
2232,3077.295153
2233,7406.907967
2234,1393.591575
2235,2716.018320
2236,5326.881431
2237,3549.694467
2238,2454.902722
2239,1628.865679
2240,2360.744706
2241,1807.289081
2242,2463.248686
2243,2773.385587
2244,2127.591015
2245,1145.738356
2246,1269.207173
2247,2516.945439
2248,1699.208208
2249,4778.239303
2250,1664.497859
2251,2290.728483
2252,2154.904132
2253,6881.684224
2254,2296.058303
2255,3084.699291
2256,4963.816093
2257,1484.400466
2258,1841.438774
2259,1375.380248
2260,3682.186370
2261,2022.007233
2262,8592.984521
2263,1915.865165
2264,1311.557417
2265,3449.384234
2266,4665.088530
2267,4193.756805
2268,2075.274751
2269,2947.750091
2270,1858.190721
2271,6323.716284
2272,4394.297078
2273,4548.116349
2274,2295.032808
2275,1630.751633
2276,2183.351399
2277,1711.068582
2278,1668.649545
2279,6020.723600
2280,2159.654630
2281,2976.779541
2282,6105.391782
2283,3390.881813
2284,1392.162015
2285,1693.862221
2286,3288.673716
2287,1363.139177
2288,9691.154771
2289,8999.737493
2290,4126.798149
2291,7365.980056
2292,9079.074476
2293,4719.722942
2294,1737.641152
2295,1342.746458
2296,2605.120506
2297,2831.666709
2298,4676.917040
2299,1256.407755
2300,3980.613084
2301,9280.587813
2302,6142.666239
2303,2694.878587
2304,7761.433475
2305,5958.575288
2306,4496.215601
2307,2268.821207
2308,6822.502036
2309,3867.686131
2310,4831.054453
2311,3639.304979
2312,7997.745540
2313,1816.580352
2314,8274.996059
2315,2293.277460
2316,3974.973584
2317,4316.458290
2318,3499.951098
2319,2726.282939
2320,4027.001442
2321,3792.522613
2322,5545.084418
2323,2555.983404
2324,2122.838044
2325,5426.973502
2326,1591.285706
2327,4260.176789
2328,4194.504055
2329,1690.175726
2330,8287.233868
2331,3613.338456
2332,1938.131733
2333,5014.865366
2334,3260.054634
2335,2955.958802
2336,1809.114791
2337,1378.478603
2338,1693.825778
2339,4498.559414
2340,3166.913478
2341,4808.949119
2342,4719.206664
2343,3887.140550
2344,8009.992283
2345,3973.625342
2346,1741.807192
2347,2901.817498
2348,919.758956
2349,1559.960075
2350,11228.164532
2351,6658.281164
2352,15916.812200
2353,3638.445624
2354,1820.214656
2355,5536.054893
2356,2029.106637
2357,2556.368529
2358,2810.943986
2359,2211.534560
2360,2428.958747
2361,2476.781250
2362,2498.736298
2363,4888.161445
2364,6880.459426
2365,1885.023166
2366,1435.043825
2367,3054.712837
2368,7135.851511
2369,3300.940768
2370,23817.851232
2371,9572.257105
2372,4056.698483
2373,1491.078695
2374,18989.319524
2375,19079.193052
2376,4504.738896
2377,2577.638539
2378,4948.784062
2379,39350.644726
2380,22091.015306
2381,23023.584619
2382,1764.098925
2383,13177.356215
2384,11188.689709
2385,12402.939980
2386,13394.151751
2387,3255.260530
2388,6856.596149
2389,1383.042554
2390,5201.288667
2391,1634.311993
2392,6029.711041
2393,5063.184748
2394,2931.261672
2395,10142.184444
2396,8476.279429
2397,7531.751700
2398,4424.362264
2399,7727.794741
2400,7909.445442
2401,27113.512840
2402,26007.324461
2403,6242.424958
2404,30114.085786
2405,11500.634031
2406,29207.193996
2407,15741.098735
2408,8413.760676
2409,4132.099570
2410,10788.485793
2411,12666.746988
2412,15937.603448
2413,5299.372027
2414,13932.225521
2415,3226.859995
2416,3380.221919
2417,1397.237427
2418,13904.322099
2419,14811.687811
2420,22694.653453
2421,3313.952954
2422,7638.127588
2423,9510.432523
2424,8309.771774
2425,42114.145958
2426,13271.275457
2427,19803.590744
2428,17116.271172
2429,14193.478559
2430,23017.483393
2431,33580.864144
2432,3525.832978
2433,11752.604468
2434,4966.356969
2435,5222.003836
2436,24606.857398
2437,2317.647355
2438,3112.269788
2439,14075.035756
2440,2259.095451
2441,27691.733643
2442,44642.925460
2443,54374.886410
2444,41632.598107
2445,11958.320747
2446,83431.115340
2447,14219.386441
2448,32181.772950
2449,14575.227054
2450,25919.216687
2451,4151.881152
2452,27379.617922
2453,1958.775879
2454,14529.934402
2455,3320.825117
2456,7469.032323
2457,4115.443079
2458,33977.739950
2459,1775.167424
2460,4107.549558
2461,3373.145020
2462,4030.129409
2463,3956.864621
2464,2909.465948
2465,4883.375516
2466,2287.861448
2467,5528.028110
2468,11676.349492
2469,4629.573920
2470,7425.454871
2471,17839.625882
2472,2965.573157
2473,1478.069218
2474,14779.638726
2475,3489.066487
2476,3399.162774
2477,3250.464319
2478,5232.146347
2479,9558.356864
2480,22987.994541
2481,13245.005394
2482,4230.025425
2483,35840.932917
2484,63144.373895
2485,3163.696694
2486,954.823486
2487,44493.350020
2488,7450.310850
2489,13571.043735
2490,2848.827031
2491,11905.383911
2492,12816.566907
2493,10722.307343
2494,21908.773034
2495,13687.331238
2496,14636.602023
2497,4616.327281
2498,66186.498968
2499,11693.374089
2500,12000.315368
2501,35449.266061
2502,3007.365371
2503,7430.429107
2504,5620.184908
2505,6050.133986
2506,5729.562843
2507,26529.464232
2508,3818.743177
2509,4164.014349
2510,4817.791277
2511,9011.093169
2512,12858.843196
2513,35728.294738
2514,30098.594359
2515,37221.074591
2516,21297.361470
2517,45253.541117
2518,1346.598443
2519,1408.059951
2520,1100.391251
2521,1308.208876
2522,1240.133299
2523,1409.777774
2524,1428.365137
2525,1354.970456
2526,1275.082422
2527,1691.067108
2528,1868.759700
2529,1689.115982
2530,1376.963826
2531,1178.265238
2532,1419.748785
2533,2295.596854
2534,1632.353293
2535,1661.463157
2536,1802.410671
2537,1344.339650
2538,1355.448746
2539,1268.582870
2540,1536.046758
2541,1345.966843
2542,1152.991029
2543,1570.065926
2544,1057.104140
2545,1004.136516
2546,2190.129279
2547,1452.229652
2548,1581.531224
2549,1424.216791
2550,1584.160560
2551,2631.720032
2552,1273.130847
2553,1281.307776
2554,1237.419283
2555,1682.598003
2556,1836.328155
2557,1046.048179
2558,1258.552599
2559,1667.637736
2560,1518.125884
2561,1338.506223
2562,2350.911922
2563,1331.235084
2564,1750.427079
2565,3374.155609
2566,1692.861858
2567,1688.220703
2568,1416.714425
2569,1278.993469
2570,1940.376703
2571,1346.796309
2572,1591.174282
2573,1640.390833
2574,1606.125110
2575,1867.391095
2576,1332.626075
2577,1172.813010
2578,1288.074162
2579,1392.304628
2580,1644.680609
2581,1636.555644
2582,1576.298000
2583,1622.460733
2584,1406.598260
2585,1431.828095
2586,1627.301443
2587,1315.579014
2588,1691.888141
2589,1439.138079
2590,1366.800048
2591,1368.299511
2592,1671.732854
2593,1368.492592
2594,1246.058002
2595,1340.959029
2596,1662.919793
2597,1252.739495
2598,1337.589676
2599,1321.566051
2600,1718.804499
2601,1567.663599
2602,1367.885934
2603,1952.731971
2604,1311.385674
2605,1537.325015
2606,1356.631307
2607,1392.240922
2608,1617.411405
2609,1717.932117
2610,1331.397247
2611,2178.027447
2612,1656.920434
2613,1431.063408
2614,1538.822721
2615,1727.146707
2616,1292.369277
2617,1687.554855
2618,2113.711568
2619,2269.694564
2620,1344.645461
2621,1511.709155
2622,1494.225578
2623,1392.792698
2624,2329.105785
2625,1372.194371
2626,1200.661700
2627,2007.969731
2628,1516.631956
2629,1917.975427
2630,1971.577961
2631,1256.213209
2632,1616.425658
2633,1246.053583
2634,1387.293899
2635,1360.076100
2636,1399.723607
2637,3135.622871
2638,2260.642070
2639,1364.387581
2640,1267.538763
2641,1610.539076
2642,1281.831781
2643,1786.050042
2644,2202.027656
2645,1553.601605
2646,1185.480493
2647,1649.687000
2648,1730.437100
2649,1700.604699
2650,1279.916556
2651,4256.406434
2652,1389.786551
2653,2288.394299
2654,1955.272349
2655,1556.752278
2656,1406.163036
2657,1491.413472
2658,2168.213046
2659,2381.515981
2660,2773.113331
2661,2112.518714
2662,1359.428420
2663,2129.097959
2664,1419.195431
2665,1713.075111
2666,2139.302315
2667,2411.406082
2668,2405.618780
2669,1309.500965
2670,2070.727830
2671,2411.383812
2672,1723.408429
2673,2046.620879
2674,2081.890278
2675,2866.370776
2676,2454.881312
2677,1626.486471
2678,2127.211392
2679,2077.862653
2680,2484.390493
2681,3220.934859
2682,2136.625980
2683,5171.298313
2684,4420.831298
2685,1735.360961
2686,2351.006552
2687,2080.665756
2688,4710.067568
2689,2287.855871
2690,2500.339672
2691,1678.597754
2692,2712.604705
2693,4061.767705
2694,3091.888718
2695,1414.007331
2696,1647.891923
2697,2444.448387
2698,4127.108672
2699,1779.139957
2700,2438.102649
2701,1517.137129
2702,2165.236930
2703,5386.767417
2704,3928.904755
2705,2963.956139
2706,5086.327024
2707,1736.871012
2708,2088.368620
2709,2305.342134
2710,2154.116738
2711,1449.560304
2712,1825.891756
2713,2535.451547
2714,7246.285833
2715,2510.455643
2716,3595.932424
2717,1701.347001
2718,2091.715962
2719,2057.058335
2720,4593.836659
2721,1615.676362
2722,3670.836467
2723,1761.952696
2724,13269.649668
2725,10403.681372
2726,2567.477032
2727,8300.007830
2728,6080.539944
2729,2849.945308
2730,4598.955903
2731,1802.017744
2732,8034.832687
2733,4280.866141
2734,6742.379005
2735,11555.943254
2736,1867.258787
2737,20180.617970
2738,6294.646845
2739,6469.131644
2740,4000.674991
2741,3076.318288
2742,4536.269573
2743,2354.631849
2744,23180.114825
2745,2991.075559
2746,8295.670810
2747,1807.652327
2748,3844.417700
2749,9180.868875
2750,10020.747597
2751,13422.846879
2752,22238.173804
2753,1676.898567
2754,20017.832447
2755,2699.601112
2756,6862.523106
2757,8346.332905
2758,3928.582827
2759,1352.898761
2760,1859.734769
2761,20007.883650
2762,5446.901474
2763,25213.715632
2764,27381.597407
2765,9824.500839
2766,19526.062282
2767,16479.388265
2768,18301.373793
2769,30635.938309
2770,43768.288661
2771,1463.308759
2772,50492.292425
2773,30531.222999
2774,1913.967863
2775,4045.971024
2776,2394.625668
2777,5822.453180
2778,1022.545983
2779,1784.473376
2780,1295.539315
2781,2775.535646
2782,2052.495175
2783,5445.915036
2784,5836.863071
2785,3159.782182
2786,7414.265173
2787,5145.408342
2788,8136.705331
2789,3739.639983
2790,2583.447203
2791,4905.875588
2792,3121.684768
2793,1903.118144
2794,3271.167501
2795,2172.464049
2796,2279.543662
2797,2391.276874
2798,3140.045219
2799,2239.090562
2800,1396.606001
2801,3120.884357
2802,4079.034782
2803,3993.405528
2804,3106.842194
2805,1635.048915
2806,9817.335025
2807,1838.909206
2808,2101.567128
2809,2701.061372
2810,2776.850876
2811,2340.709117
2812,5504.130216
2813,966.863550
2814,2592.706613
2815,3440.876410
2816,3451.777704
2817,1615.408318
2818,3428.632998
2819,4130.371686
2820,3894.639538
2821,8840.981514
2822,2295.641090
2823,4235.034149
2824,1900.476081
2825,3811.971293
2826,2721.881821
2827,5902.241532
2828,5021.858076
2829,6550.892285
2830,3284.025531
2831,3093.233389
2832,2816.077536
2833,3719.358271
2834,2876.009558
2835,14999.365317
2836,4486.276992
2837,3721.103152
2838,1892.372900
2839,2279.527090
2840,12118.090952
2841,2852.563732
2842,1775.947236
2843,3128.574038
2844,4180.706704
2845,5626.599463
2846,8346.052475
2847,1642.195629
2848,3899.303861
2849,1570.587981
2850,2058.518726
2851,1717.343373
2852,3458.798519
2853,2994.240847
2854,4989.931968
2855,1729.048187
2856,2261.760038
2857,2769.689301
2858,2191.550196
2859,6835.678349
2860,2427.747570
2861,3717.683275
2862,2191.660504
2863,1359.751514
2864,5605.961109
2865,3303.888090
2866,3749.628284
2867,25046.684453
2868,1290.960562
2869,4106.323592
2870,3464.139365
2871,3054.879081
2872,3582.142834
2873,2379.210720
2874,10227.533997
2875,3853.877528
2876,3323.567265
2877,4508.167694
2878,4597.418827
2879,7696.028622
2880,2768.789273
2881,13365.993647
2882,11087.395498
2883,8926.433897
2884,2725.531525
2885,7594.824270
2886,1842.850532
2887,9764.381649
2888,7782.498756
2889,4854.316240
2890,12147.616126
2891,17231.827441
2892,27773.839973
2893,1879.774890
2894,19477.291990
2895,20013.127455
2896,1889.714513
2897,4175.483298
2898,47271.949489
2899,16081.302904
2900,1773.974329
2901,1635.894479
2902,1878.425907
2903,18723.960104
2904,3901.015302
2905,1782.464375
2906,1785.832260
2907,2350.123975
2908,2708.263027
2909,17373.472462
2910,3896.503483
2911,8215.494309
2912,1769.136985
2913,1457.880741
2914,1522.948922
2915,2117.019073
2916,5840.697006
2917,1227.527406
2918,1848.487675
2919,2095.085406
2920,7891.738812
2921,1735.471353
2922,1357.309292
2923,1823.904606
2924,1130.757338
2925,1814.000806
2926,1377.340257
2927,1844.936401
2928,1310.888399
2929,1761.242822
2930,962.754547
2931,1338.736659
2932,1916.354652
2933,986.921284
2934,962.895497
2935,1666.697572
2936,1287.113885
2937,1218.209807
2938,1504.297925
2939,1159.587492
2940,1279.674595
2941,1249.631953
2942,3262.886870
2943,1028.571003
2944,1344.568002
2945,1246.461342
2946,1771.070738
2947,1168.683964
2948,1127.990351
2949,1430.656956
2950,1567.226619
2951,1266.132979
2952,2791.898985
2953,990.010667
2954,1755.204918
2955,1313.652008
2956,1305.072853
2957,1879.418761
2958,875.020149
2959,1302.957653
2960,2746.854824
2961,1348.033796
2962,1230.629053
2963,982.792049
2964,2460.150456
2965,1265.116331
2966,1193.590139
2967,2102.957468
2968,1261.397263
2969,1306.129215
2970,1341.945980
2971,1137.856702
2972,1370.471426
2973,1411.922906
2974,1301.177208
2975,1412.977966
2976,1245.352051
2977,1566.737445
2978,2147.096340
2979,1300.366896
2980,1622.197150
2981,1603.833919
2982,3440.651884
2983,1836.948975
2984,2079.950725
2985,3725.432125
2986,1362.612312
2987,1624.588156
2988,1101.704150
2989,3125.024025
2990,2633.314434
2991,989.403956
2992,2305.448968
2993,4967.653501
2994,2932.678545
2995,2664.327228
2996,4798.062902
2997,2894.219610
2998,2166.583172
2999,1838.386437
3000,2217.802417
3001,1012.433932
3002,9336.605484
3003,1406.300248
3004,1862.736751
3005,6977.422635
3006,2390.105112
3007,1324.917411
3008,4282.989340
3009,1396.254342
3010,3531.055313
3011,7143.492579
3012,2629.115363
3013,1354.160545
3014,1826.851973
3015,3855.215793
3016,4883.825449
3017,3852.906940
3018,4234.211309
3019,1378.222547
3020,3920.503346
3021,1883.157305
3022,5216.999380
3023,3149.042751
3024,4232.090570
3025,6880.393080
3026,2652.191668
3027,3837.670159
3028,2401.222188
3029,1397.235485
3030,1425.629197
3031,1794.831485
3032,2664.295136
3033,4256.642982
3034,8963.056486
3035,1460.717336
3036,2520.623986
3037,2414.043800
3038,3254.231101
3039,3427.131113
3040,5765.581099
3041,9911.805672
3042,5638.508699
3043,6387.439783
3044,9780.046653
3045,7205.509520
3046,11407.378845
3047,4001.217977
3048,1908.085698
3049,2964.847008
3050,12564.639682
3051,3434.225925
3052,2510.206203
3053,2753.933503
3054,1918.437614
3055,7610.427925
3056,5422.551144
3057,10023.370240
3058,4406.249133
3059,28119.196817
3060,29174.327750
3061,23833.517113
3062,1303.571587
3063,11652.274671
3064,4426.802614
3065,2750.279663
3066,62067.166832
3067,12973.124665
3068,112356.405882
3069,72303.833401
3070,72933.555453
3071,1318.321214
3072,1392.244654
3073,1318.043060
3074,1525.665248
3075,1308.620210
3076,1312.640759
3077,1239.613581
3078,1363.618036
3079,1333.545884
3080,1184.613515
3081,1628.133219
3082,1313.305246
3083,1059.542735
3084,975.038090
3085,1498.029736
3086,1306.904447
3087,1225.163504
3088,1202.840932
3089,1229.563398
3090,1304.900616
3091,1144.517422
3092,1217.973749
3093,1208.662106
3094,1285.270387
3095,1755.238784
3096,1698.994078
3097,1605.183890
3098,1526.047899
3099,1341.496650
3100,1228.642516
3101,1376.340857
3102,1495.216248
3103,926.770229
3104,1301.869098
3105,1357.434440
3106,1243.927014
3107,1221.991325
3108,1694.273544
3109,1233.645442
3110,1611.905486
3111,1173.931051
3112,1370.076510
3113,1272.674946
3114,1198.555900
3115,1158.308702
3116,1318.043844
3117,1243.986831
3118,1483.396551
3119,1326.361360
3120,1778.308319
3121,1407.696173
3122,1588.794221
3123,1637.865848
3124,1577.426567
3125,1560.515178
3126,1316.555728
3127,1259.973546
3128,1470.716563
3129,1826.682224
3130,1217.685586
3131,1191.546113
3132,1606.949799
3133,992.208932
3134,2007.816400
3135,1160.653961
3136,1470.183091
3137,1929.239587
3138,1351.098812
3139,1758.169338
3140,1353.947761
3141,2035.309190
3142,1300.459500
3143,1472.588737
3144,1557.178243
3145,1146.073412
3146,1237.963319
3147,1236.176438
3148,1370.843191
3149,1329.056794
3150,1300.162896
3151,1598.544321
3152,1814.290862
3153,1994.963797
3154,1533.117620
3155,1238.090301
3156,1250.326570
3157,1800.564891
3158,883.786834
3159,1711.691523
3160,1338.739957
3161,1339.745850
3162,1307.719299
3163,1671.641195
3164,1400.014630
3165,1658.011131
3166,1756.317372
3167,1349.630230
3168,1227.239233
3169,1279.079226
3170,979.509013
3171,1353.252104
3172,1321.413702
3173,1338.500875
3174,1348.801347
3175,1107.796667
3176,1187.685671
3177,1330.376716
3178,1388.483343
3179,1304.640317
3180,1542.801164
3181,1712.007308
3182,1285.415492
3183,1486.015891
3184,1340.127856
3185,1273.520729
3186,1463.872091
3187,1238.330889
3188,1345.998270
3189,1776.811729
3190,932.275584
3191,2101.038178
3192,1649.437695
3193,1344.702295
3194,1614.529714
3195,1252.852105
3196,1999.474630
3197,2041.730979
3198,1717.468631
3199,1345.752319
3200,1205.405691
3201,1279.687637
3202,1198.159959
3203,1607.194831
3204,1155.830458
3205,1502.247758
3206,1300.736036
3207,1316.770855
3208,1787.209207
3209,2092.688424
3210,1400.295680
3211,1343.722249
3212,1277.155719
3213,1285.463766
3214,1246.187854
3215,1319.589878
3216,1417.656103
3217,1312.465256
3218,1521.160639
3219,1312.250763
3220,1349.319580
3221,1314.700846
3222,1296.770810
3223,1321.544054
3224,1088.164200
3225,1277.140117
3226,1583.975757
3227,2112.234117
3228,1403.454998
3229,1710.243862
3230,1620.441922
3231,1316.821945
3232,1357.688884
3233,1455.882508
3234,2183.769166
3235,1326.217424
3236,1545.071523
3237,1650.752765
3238,2025.934694
3239,1691.994264
3240,1227.095496
3241,1397.824160
3242,1409.705335
3243,1344.081947
3244,1578.994923
3245,1715.755702
3246,1350.497758
3247,1359.832891
3248,1528.960343
3249,1641.355764
3250,1350.674673
3251,2131.351276
3252,1578.667588
3253,1526.983406
3254,1452.761380
3255,922.507720
3256,1548.791331
3257,1916.947174
3258,1302.256416
3259,1905.488352
3260,1393.022033
3261,1643.521478
3262,1380.350644
3263,1663.741869
3264,1393.444613
3265,1641.326121
3266,2300.723554
3267,1304.717677
3268,1742.074863
3269,1956.577826
3270,1408.208965
3271,1226.637147
3272,1168.647725
3273,1331.816584
3274,1611.102551
3275,1477.570683
3276,1632.892052
3277,1554.854725
3278,1405.058198
3279,1809.473211
3280,1668.870545
3281,1385.246746
3282,1714.756088
3283,1325.218269
3284,1292.560695
3285,1351.877913
3286,1699.636970
3287,1549.203017
3288,1595.907128
3289,1397.369389
3290,927.911030
3291,2058.127080
3292,1467.805907
3293,1577.100761
3294,1291.454806
3295,1909.315024
3296,1477.505124
3297,1618.191999
3298,1357.101817
3299,2356.981581
3300,1908.119291
3301,1964.780254
3302,1407.482837
3303,1410.050447
3304,1387.792938
3305,1284.541242
3306,1422.347537
3307,1311.487447
3308,5786.059322
3309,1777.976051
3310,3018.201645
3311,1430.592842
3312,1421.254011
3313,1100.974802
3314,4553.196431
3315,1730.807991
3316,1097.196821
3317,1971.185142
3318,1205.221797
3319,1833.957693
3320,1084.441836
3321,1971.384140
3322,1727.884609
3323,1186.647104
3324,2191.734257
3325,1762.372065
3326,1248.015453
3327,1265.601065
3328,1436.511305
3329,1653.846760
3330,2257.357022
3331,2039.240340
3332,1903.567025
3333,1300.123905
3334,2846.655032
3335,1663.505547
3336,1729.432181
3337,1396.841410
3338,3433.070610
3339,2449.966111
3340,1490.897840
3341,1502.934363
3342,1702.883911
3343,1277.238551
3344,1806.016556
3345,1276.241971
3346,1692.342833
3347,3678.214602
3348,1634.216675
3349,1367.895325
3350,1358.871262
3351,2607.449656
3352,2522.115022
3353,1768.942730
3354,1774.795686
3355,1677.868151
3356,1791.381161
3357,1703.699222
3358,4509.874155
3359,1535.939193
3360,1574.795003
3361,2546.834433
3362,1659.878917
3363,2058.266560
3364,1666.089383
3365,1471.118025
3366,1447.016219
3367,1756.589691
3368,1782.129815
3369,1678.669926
3370,1268.555335
3371,1772.573782
3372,1409.044032
3373,1917.852808
3374,1133.877713
3375,1643.827436
3376,1567.222344
3377,1891.210607
3378,1933.391976
3379,1670.473722
3380,1930.460066
3381,2101.198976
3382,2297.620640
3383,1316.763960
3384,1792.192651
3385,1414.831509
3386,2328.845507
3387,1668.613754
3388,2005.095375
3389,1206.302512
3390,2066.571520
3391,2802.849488
3392,1721.599864
3393,2129.797160
3394,1558.786590
3395,1458.874373
3396,1679.790461
3397,1550.783692
3398,1558.972336
3399,6474.549538
3400,1643.511166
3401,1709.507348
3402,1520.746487
3403,1426.668975
3404,1952.700843
3405,3057.691359
3406,2374.216029
3407,1609.825853
3408,1554.668720
3409,6858.127183
3410,1588.335787
3411,2494.461595
3412,4614.971490
3413,2131.260628
3414,2017.202043
3415,1852.942909
3416,1667.931070
3417,1346.008123
3418,1559.131221
3419,1769.199934
3420,1762.901822
3421,1641.283303
3422,1659.263588
3423,2547.841423
3424,2446.009178
3425,2418.034179
3426,1750.996028
3427,1752.590436
3428,1361.215594
3429,1661.991158
3430,1396.098831
3431,1574.002862
3432,4185.644804
3433,1773.704316
3434,1615.487339
3435,1391.022605
3436,1727.756587
3437,2424.335557
3438,1824.713244
3439,3241.744571
3440,1761.577099
3441,3396.227867
3442,1928.013555
3443,2481.975911
3444,3764.496360
3445,2465.296186
3446,1305.454874
3447,1400.470799
3448,2202.292986
3449,1496.004901
3450,1804.995251
3451,1295.729662
3452,2150.877356
3453,1763.646015
3454,1765.098317
3455,5932.235252
3456,2388.336076
3457,1764.854167
3458,1488.087889
3459,3625.120935
3460,1212.880034
3461,1333.003471
3462,2154.485894
3463,1966.110838
3464,1346.275706
3465,1343.981189
3466,1653.843008
3467,1957.284135
3468,2446.177416
3469,1986.236126
3470,3429.766313
3471,2972.221367
3472,2261.064023
3473,1849.332257
3474,1501.873492
3475,1411.464378
3476,2047.414401
3477,1769.475826
3478,1450.512878
3479,1522.259171
3480,2030.639217
3481,1808.328311
3482,1676.593173
3483,3300.665356
3484,5723.241033
3485,2139.790677
3486,6439.944013
3487,8587.955939
3488,1216.218150
3489,4136.415086
3490,2012.798007
3491,5801.818662
3492,7260.367739
3493,6919.312120
3494,2002.926157
3495,1649.643689
3496,1379.971462
3497,1530.390555
3498,1970.309848
3499,2185.531711
3500,2084.702677
3501,10245.594764
3502,1681.377400
3503,1675.091353
3504,6742.725216
3505,12600.046352
3506,4826.658430
3507,1335.719720
3508,3284.987135
3509,6406.797795
3510,1125.091917
3511,1778.337629
3512,3862.315944
3513,1693.738343
3514,12252.145626
3515,1783.860343
3516,3060.420368
3517,7159.726990
3518,1774.650387
3519,2655.566393
3520,20220.090666
3521,4015.454785
3522,4976.892905
3523,4684.178957
3524,15821.358532
3525,5338.342451
3526,6392.441327
3527,18472.074010
3528,1801.525593
3529,1333.759302
3530,20107.485501
3531,9713.640273
3532,2626.273197
3533,3834.348341
3534,1353.938758
3535,3317.040258
3536,7402.724260
3537,1782.812663
3538,2627.701452
3539,1771.817631
3540,1390.184936
3541,17128.271982
3542,7231.909482
3543,6344.157048
3544,7275.391655
3545,3245.238772
3546,4013.001535
3547,2017.231939
3548,1857.291470
3549,9080.853526
3550,2765.963647
3551,2920.250242
3552,3363.238150
3553,10824.799168
3554,1844.112055
3555,3735.885599
3556,6391.939898
3557,1837.389055
3558,2054.616318
3559,2857.812276
3560,1555.445819
3561,1444.127541
3562,2099.122596
3563,2570.636242
3564,1562.601391
3565,1223.420628
3566,1189.949846
3567,1770.044742
3568,1384.402504
3569,2773.626525
3570,1994.543022
3571,1708.898881
3572,1442.828308
3573,1730.938640
3574,1964.688476
3575,1397.071291
3576,1776.522331
3577,1408.332835
3578,1474.561023
3579,1357.185799
3580,1708.954032
3581,2769.866019
3582,3175.350673
3583,1282.413987
3584,1427.093505
3585,2532.461546
3586,1800.339384
3587,4623.838595
3588,1369.845104
3589,1368.196141
3590,2643.740494
3591,1443.407300
3592,1781.629024
3593,1959.502783
3594,1467.436730
3595,1376.526287
3596,1268.772645
3597,1271.365563
3598,2566.672121
3599,3742.744361
3600,2685.952752
3601,1845.614013
3602,1468.331333
3603,4305.184780
3604,2127.927009
3605,4912.082387
3606,1544.175241
3607,2344.131161
3608,2612.208637
3609,3137.866228
3610,1420.904492
3611,1357.770394
3612,1268.523509
3613,1729.875798
3614,1319.328613
3615,1370.119431
3616,1688.134043
3617,1074.767428
3618,2712.668771
3619,3396.246069
3620,1193.123704
3621,1695.705058
3622,1804.195652
3623,1660.084551
3624,2557.036076
3625,1837.014827
3626,2795.215449
3627,1291.217527
3628,1760.831278
3629,1527.104605
3630,1993.249033
3631,2106.172029
3632,1476.367883
3633,1225.817198
3634,1554.577316
3635,1695.812976
3636,1856.114878
3637,1679.820704
3638,2335.495543
3639,1661.139474
3640,3642.440664
3641,2047.405367
3642,2088.583558
3643,1885.484977
3644,3634.865570
3645,3359.557468
3646,2596.051840
3647,3614.485996
3648,2667.332548
3649,5897.178742
3650,1426.734633
3651,2118.382062
3652,7296.424652
3653,3595.856485
3654,1648.506672
3655,1839.636034
3656,7337.915229
3657,1296.515426
3658,1675.951937
3659,1354.249459
3660,5747.692771
3661,5325.762304
3662,11551.254795
3663,1387.604984
3664,2239.824541
3665,3164.647669
3666,5037.848145
3667,4402.903606
3668,10794.192088
3669,3407.215580
3670,7859.832851
3671,12435.927885
3672,13616.993293
3673,1356.521035
3674,2103.219311
3675,1769.891899
3676,1385.423789
3677,14888.800588
3678,2964.276352
3679,7222.989864
3680,1848.545498
3681,12272.340402
3682,7662.044700
3683,1817.151908
3684,4703.995154
3685,3347.704582
3686,2271.747118
3687,5643.743354
3688,4437.060261
3689,2572.412703
3690,5487.537769
3691,3353.077199
3692,11323.098634
3693,20817.180164
3694,2393.437529
3695,11794.848000
3696,2664.836106
3697,37287.945476
3698,10824.347899
3699,54102.208800
3700,27489.106796
3701,1334.070151
3702,1419.956512
3703,5403.646234
3704,4409.555143
3705,1926.343218
3706,11600.878190
3707,5479.416867
3708,11458.805520
3709,9881.909539
3710,24112.206737
3711,5863.690353
3712,9196.542178
3713,8424.425268
3714,5090.571030
3715,12337.647668
3716,1877.112875
3717,7432.808017
3718,12769.381826
3719,2994.361152
3720,8635.584309
3721,12496.899535
3722,16027.000300
3723,13688.467007
3724,3759.456693
3725,6538.893471
3726,9357.636634
3727,34355.050990
3728,9820.367765
3729,11465.371724
3730,4734.630378
3731,3835.376408
3732,1912.853088
3733,8676.815388
3734,4938.720123
3735,2407.198185
3736,5402.369980
3737,7012.951824
3738,10682.121054
3739,3889.754165
3740,2308.278502
3741,2453.623702
3742,3629.741635
3743,11673.759788
3744,25013.658500
3745,16537.998434
3746,13843.800394
3747,31833.030213
3748,2327.681319
3749,2106.050665
3750,21638.076074
3751,15147.207323
3752,21861.495992
3753,1752.076763
3754,8450.782575
3755,1353.406867
3756,25169.978045
3757,1600.296997
3758,3548.365832
3759,1244.709888
3760,18147.610956
3761,2099.423847
3762,18997.195112
3763,1718.067437
3764,1554.088540
3765,2559.441501
3766,3269.999716
3767,1334.173437
3768,1535.408663
3769,1225.808884
3770,3931.330444
3771,8782.283011
3772,11037.989159
3773,5410.328913
3774,4246.747026
3775,13458.048131
3776,5934.599245
3777,1670.964982
3778,3737.777135
3779,12939.629846
3780,1669.690307
3781,962.706992
3782,11946.900725
3783,2154.368032
3784,2388.122235
3785,3778.020307
3786,3334.858378
3787,2719.968620
3788,9963.559952
3789,2342.054478
3790,1618.169761
3791,1852.650261
3792,1514.662115
3793,2509.400557
3794,1994.662374
3795,35768.629914
3796,4727.289418
3797,4387.825488
3798,1361.067372
3799,2026.232199
3800,7780.057151
3801,1528.166951
3802,7151.687474
3803,16031.646973
3804,26834.213820
3805,41598.917446
3806,57864.157664
3807,9116.831936
3808,33289.097244
3809,3164.822351
3810,3357.537500
3811,19050.273631
3812,10104.092440
3813,1923.336020
3814,10211.647813
3815,13716.747187
3816,7134.008085
3817,1901.164689
3818,1708.710097
3819,8575.706327
3820,18052.216457
3821,2554.697849
3822,3862.527086
3823,5824.575035
3824,8661.827830
3825,8840.240819
3826,1470.630209
3827,4082.212685
3828,2825.335479
3829,3829.959344
3830,2598.657542
3831,1442.878929
3832,1408.055119
3833,11508.093267
3834,3395.917521
3835,2795.431876
3836,8320.291278
3837,8270.326181
3838,15012.328589
3839,12209.635008
3840,2451.389112
3841,5922.185979
3842,12254.944522
3843,1494.811920
3844,14006.402534
3845,2072.216044
3846,2461.043218
3847,2340.588770
3848,2386.549687
3849,2661.217545
3850,2173.777044
3851,2404.700170
3852,2453.029554
3853,1221.690443
3854,1552.811439
3855,2178.633437
3856,2238.164805
3857,1432.910271
3858,1506.125165
3859,2238.456551
3860,2469.738156
3861,1899.193298
3862,1349.021820
3863,2364.706008
3864,1620.485992
3865,1667.270276
3866,1519.520853
3867,1608.305360
3868,2080.852881
3869,1703.269185
3870,1447.177580
3871,2498.367808
3872,1536.491157
3873,1235.633495
3874,2450.833999
3875,2444.766529
3876,1849.834409
3877,3653.988157
3878,2545.348732
3879,1307.161343
3880,2211.302904
3881,912.373728
3882,2455.868038
3883,1381.315414
3884,1510.855468
3885,1484.279560
3886,1745.764608
3887,1255.364480
3888,1488.126295
3889,1742.734758
3890,1396.578028
3891,1386.783925
3892,1856.635784
3893,1453.356497
3894,1407.160521
3895,1260.499906
3896,2232.729763
3897,2949.189945
3898,1418.652425
3899,1462.563934
3900,2212.309940
3901,1478.808688
3902,3170.649108
3903,1407.827146
3904,1454.257905
3905,1177.398710
3906,1088.967907
3907,1652.430161
3908,1557.502280
3909,1773.377989
3910,2146.916120
3911,1440.575207
3912,1989.155922
3913,1419.038862
3914,2470.440939
3915,916.626332
3916,1723.779121
3917,1454.408595
3918,2244.858848
3919,1950.826740
3920,1374.184083
3921,2622.503952
3922,1387.397446
3923,1393.318413
3924,1679.121755
3925,1320.195189
3926,2486.225580
3927,1354.758394
3928,1976.733455
3929,988.708919
3930,1572.922429
3931,1380.226110
3932,1294.309661
3933,2118.222375
3934,2211.277390
3935,3371.483020
3936,1004.076040
3937,1502.824178
3938,1951.794471
3939,2235.684472
3940,1648.515407
3941,2001.387131
3942,2135.336773
3943,1941.408039
3944,2887.160690
3945,2553.560103
3946,1623.306999
3947,2527.914785
3948,1705.458559
3949,1424.923126
3950,3509.960714
3951,1668.847809
3952,3109.804746
3953,1436.800990
3954,1723.190562
3955,2867.039663
3956,2087.251692
3957,3221.812482
3958,2359.395585
3959,1946.623871
3960,1064.112774
3961,1955.976011
3962,1693.739110
3963,1881.745181
3964,3134.221392
3965,1409.049574
3966,3702.770572
3967,2062.877535
3968,1675.425124
3969,1357.096622
3970,1892.105202
3971,2077.296182
3972,2979.564149
3973,1625.492064
3974,2445.256671
3975,2181.702669
3976,2009.071296
3977,2304.367945
3978,2108.087903
3979,1389.265865
3980,2507.669193
3981,2319.088145
3982,2591.856254
3983,2606.062560
3984,2865.476533
3985,1463.209688
3986,1699.505802
3987,2005.668173
3988,2379.645441
3989,2491.880644
3990,2043.167305
3991,2347.450888
3992,2341.428749
3993,1839.695925
3994,2158.796371
3995,2632.504228
3996,1924.136982
3997,2714.011327
3998,2120.287213
3999,2068.284719
4000,3141.756555
4001,1573.100728
4002,1644.536412
4003,1509.609872
4004,2061.188455
4005,2154.885419
4006,2991.156500
4007,2691.930301
4008,2724.163493
4009,1768.146622
4010,2472.735278
4011,2121.774348
4012,2528.876475
4013,1605.150662
4014,4715.864953
4015,1113.708032
4016,2266.564930
4017,2305.685580
4018,2612.488918
4019,3653.334152
4020,2649.362767
4021,3001.325267
4022,3991.340171
4023,1386.525190
4024,1495.554408
4025,2532.789922
4026,2061.442137
4027,2177.781619
4028,1420.581085
4029,2179.465970
4030,2578.042962
4031,2418.277529
4032,2080.161745
4033,1604.082802
4034,2131.769734
4035,2294.606628
4036,2901.515073
4037,1491.025893
4038,3623.460880
4039,2396.177283
4040,5631.287454
4041,3963.676291
4042,1546.010948
4043,2896.415913
4044,1665.262458
4045,1273.445359
4046,1171.446141
4047,2247.805019
4048,1584.293288
4049,3595.274027
4050,3960.828410
4051,1306.598550
4052,1824.991301
4053,3179.658986
4054,2239.256433
4055,1279.867725
4056,3962.900648
4057,1153.094209
4058,2077.669926
4059,3582.279524
4060,1700.306508
4061,1315.327125
4062,4791.795901
4063,3150.658953
4064,3387.937523
4065,2923.990139
4066,2889.379511
4067,3065.568600
4068,2632.708086
4069,2106.876886
4070,3860.052220
4071,2046.561827
4072,5572.561213
4073,4121.218443
4074,2630.591193
4075,4938.943880
4076,2092.999437
4077,2321.543596
4078,2004.281797
4079,2244.600473
4080,5721.506292
4081,2191.609281
4082,2419.631011
4083,2844.135684
4084,3009.324467
4085,1586.504416
4086,1589.557459
4087,3962.023548
4088,3987.991391
4089,5149.854840
4090,2289.519460
4091,4600.636517
4092,3901.528248
4093,4794.466651
4094,4791.486416
4095,2386.308194
4096,3748.241362
4097,2982.309562
4098,5730.005006
4099,4609.291637
4100,2490.078248
4101,2473.021776
4102,2307.016719
4103,2656.941481
4104,3601.705153
4105,3796.093994
4106,4348.834233
4107,4371.258355
4108,3213.963626
4109,2263.714946
4110,2129.433885
4111,2181.018236
4112,2251.432017
4113,2128.195147
4114,2649.764214
4115,2514.319350
4116,2860.019604
4117,2129.586781
4118,4065.921102
4119,1902.679424
4120,4744.901434
4121,2391.661750
4122,2370.733932
4123,2572.762322
4124,2454.742479
4125,2614.413370
4126,5207.482260
4127,1775.127445
4128,2090.634943
4129,2955.435567
4130,2895.085321
4131,1580.782481
4132,3225.286522
4133,4770.740468
4134,5104.807729
4135,2444.917181
4136,2454.200724
4137,3665.182700
4138,2635.708522
4139,6833.873864
4140,2355.512704
4141,2079.486580
4142,5797.126568
4143,1717.720712
4144,3299.736414
4145,2379.828614
4146,2858.933578
4147,3004.246451
4148,2282.081555
4149,6070.519314
4150,4333.809975
4151,2507.610093
4152,2776.860238
4153,2741.926117
4154,6819.642582
4155,3021.383024
4156,2933.116247
4157,5199.936760
4158,5517.368471
4159,1833.512998
4160,4492.466809
4161,1853.100227
4162,4560.451129
4163,5050.947574
4164,2758.419001
4165,6193.634782
4166,3692.976072
4167,4361.475390
4168,6712.344662
4169,3054.520424
4170,3637.586393
4171,6252.477053
4172,5912.662449
4173,2518.420391
4174,2727.539403
4175,2201.745912
4176,5774.718648
4177,1272.312544
4178,3459.080040
4179,2349.231140
4180,5666.031882
4181,1923.058543
4182,4405.552537
4183,1737.967281
4184,5551.496196
4185,4689.935521
4186,1819.077630
4187,2028.957305
4188,3200.682240
4189,4870.548932
4190,1825.743037
4191,3416.816399
4192,3782.396482
4193,2663.381126
4194,1391.875307
4195,4134.356623
4196,1977.839364
4197,1398.378356
4198,3484.342955
4199,2833.937689
4200,1769.809370
4201,3774.586507
4202,3510.663206
4203,3831.437123
4204,4781.085762
4205,3076.355431
4206,1776.639764
4207,9739.469506
4208,7376.713979
4209,8612.363986
4210,7653.492620
4211,4277.304060
4212,3562.186763
4213,7333.852565
4214,4642.190220
4215,2645.548973
4216,7938.248476
4217,4185.644738
4218,4832.849832
4219,2630.958487
4220,4029.896360
4221,4660.465875
4222,5251.044703
4223,3651.873393
4224,8194.900405
4225,4400.805382
4226,9681.322442
4227,3659.248471
4228,3781.786241
4229,2566.424685
4230,7525.360260
4231,2334.205886
4232,2605.076714
4233,11204.756854
4234,18058.654950
4235,16257.835304
4236,6407.446752
4237,3498.251389
4238,1772.800712
4239,4018.666206
4240,2936.633108
4241,5067.989244
4242,7460.015730
4243,3021.508990
4244,3842.383666
4245,7026.069778
4246,4090.860216
4247,16886.202514
4248,3109.388361
4249,8002.787494
4250,24227.413929
4251,8526.578033
4252,1899.109270
4253,2733.278838
4254,13583.161028
4255,10796.668268
4256,8924.818655
4257,12168.702446
4258,36413.286521
4259,7075.194064
4260,4041.792851
4261,9532.941584
4262,4421.522311
4263,11118.536702
4264,18215.074224
4265,10871.818861
4266,11165.674368
4267,7084.576918
4268,29859.952009
4269,8253.713201
4270,11290.140629
4271,5133.180151
4272,35840.078722
4273,6584.460026
4274,20073.215036
4275,29911.578039
4276,22328.648762
4277,8177.420382
4278,28478.696289
4279,3210.292199
4280,12921.386302
4281,27103.991731
4282,13140.665157
4283,29113.497996
4284,3558.201774
4285,3704.363806
4286,3497.906512
4287,6779.754148
4288,28058.284372
4289,31783.929599
4290,6362.420340
4291,18615.551469
4292,10839.100878
4293,7310.150457
4294,6087.733619
4295,3311.339974
4296,10163.313593
4297,9335.215675
4298,20180.379836
4299,18842.508599
4300,5355.654126
4301,10666.193804
4302,10242.332186
4303,5980.064557
4304,6995.003030
4305,9789.612311
4306,4333.960450
4307,6655.500380
4308,1985.203652
4309,10707.285144
4310,6884.588575
4311,17919.662008
4312,9023.940370
4313,9637.165858
4314,21753.058517
4315,3267.825158
4316,14464.242164
4317,6910.677143
4318,31728.210714
4319,2899.472362
4320,4545.031128
4321,15122.274692
4322,5021.127980
4323,13451.803621
4324,10730.991544
4325,3330.167164
4326,13921.430446
4327,10585.212272
4328,3683.085512
4329,8308.842662
4330,13607.424285
4331,5706.742634
4332,15159.051887
4333,8954.833668
4334,9163.324828
4335,11404.120638
4336,24707.245928
4337,2401.134804
4338,6073.345486
4339,6267.300073
4340,7649.364175
4341,6348.539983
4342,3720.519691
4343,11247.541792
4344,15116.303741
4345,10042.407110
4346,7367.744786
4347,5353.910113
4348,15543.085463
4349,5813.218573
4350,26196.968161
4351,6271.666601
4352,17221.260787
4353,15133.369009
4354,4041.180781
4355,17043.311468
4356,15277.824140
4357,57453.020778
4358,2858.902253
4359,19917.193833
4360,21215.560524
4361,63050.408925
4362,7659.917606
4363,9000.088121
4364,4875.301089
4365,6938.268079
4366,12780.875852
4367,15268.967803
4368,7648.660299
4369,3976.173973
4370,7651.798883
4371,6863.918895
4372,16172.098817
4373,8351.665837
4374,2898.375333
4375,17139.363571
4376,4235.072753
4377,11854.128455
4378,7576.342854
4379,9540.927062
4380,9730.189015
4381,21837.779088
4382,1660.523376
4383,9996.270178
4384,3462.819273
4385,23367.356507
4386,10325.237470
4387,11603.688608
4388,6369.669982
4389,7557.996239
4390,22693.688817
4391,4282.829844
4392,2985.911691
4393,24498.049671
4394,29479.683468
4395,2930.889166
4396,4088.954241
4397,49945.406593
4398,29230.069908
4399,4579.090761
4400,4916.061904
4401,3271.007156
4402,5484.424881
4403,3209.682429
4404,2444.050418
4405,8350.131628
4406,3344.869387
4407,2092.435659
4408,3417.096111
4409,3064.560573
4410,2446.405225
4411,2537.573162
4412,3469.109395
4413,5079.069286
4414,8325.989967
4415,2969.828438
4416,3998.727100
4417,2510.027973
4418,7885.298255
4419,2367.945492
4420,2531.844227
4421,2420.027813
4422,6919.483248
4423,6838.307042
4424,4356.400216
4425,3388.527567
4426,17147.581437
4427,7478.919493
4428,4803.144434
4429,3539.687296
4430,5991.956723
4431,2440.636297
4432,7568.587418
4433,3022.590027
4434,4663.219286
4435,1817.605943
4436,14271.769482
4437,3580.039902
4438,6699.095025
4439,1690.081287
4440,2993.474977
4441,3146.312758
4442,4389.383710
4443,3481.652696
4444,21707.474851
4445,30179.014774
4446,10022.538211
4447,1392.784720
4448,28311.494842
4449,4448.732413
4450,19642.221881
4451,2639.508668
4452,1478.758655
4453,6085.725213
4454,3313.902694
4455,1873.211121
4456,6555.408459
4457,2064.424677
4458,2453.238116
4459,3322.431039
4460,8162.092922
4461,1329.243689
4462,2192.279856
4463,3409.516873
4464,5692.630996
4465,3631.919923
4466,12122.610333
4467,2651.571513
4468,10289.312124
4469,4362.187655
4470,2091.733209
4471,7391.310001
4472,6610.428975
4473,3511.367886
4474,2058.437924
4475,2155.374870
4476,3014.030983
4477,1529.872095
4478,3830.408649
4479,1883.384367
4480,1756.353447
4481,1320.351690
4482,11218.991653
4483,2278.593354
4484,2304.584987
4485,3155.248991
4486,6227.554774
4487,7614.566637
4488,3853.566719
4489,10642.831185
4490,2027.678841
4491,6123.987933
4492,3060.355792
4493,4305.280228
4494,10261.814924
4495,12115.232478
4496,13473.622381
4497,10004.933282
4498,2423.698529
4499,2408.930059
4500,3680.066380
4501,3014.060687
4502,4711.136283
4503,11178.296734
4504,1879.122565
4505,4722.443115
4506,3088.683183
4507,4431.273657
4508,9257.956433
4509,4275.191189
4510,1841.110854
4511,7641.757269
4512,6731.631159
4513,8707.551718
4514,22516.645740
4515,6272.409224
4516,1905.855114
4517,8337.002550
4518,2659.612910
4519,10503.312376
4520,5656.395603
4521,10546.764381
4522,6228.162398
4523,16841.839032
4524,8329.661683
4525,11001.644976
4526,11877.469600
4527,22477.632095
4528,34971.481396
4529,34394.345466
4530,30355.882431
4531,5380.086309
4532,3239.959099
4533,19331.050433
4534,4332.306009
4535,5798.496107
4536,14221.129789
4537,4568.893652
4538,14675.570802
4539,1453.892802
4540,5773.479911
4541,8960.707553
4542,11965.312939
4543,8847.045288
4544,5052.538343
4545,4391.524517
4546,1287.590316
4547,2821.679379
4548,1385.009034
4549,16887.825111
4550,23050.041997
4551,15967.041600
4552,21004.723273
4553,33186.226653
4554,6630.703006
4555,5639.687313
4556,1170.829070
4557,8263.584325
4558,2396.803976
4559,1801.768523
4560,29037.856958
4561,51336.445664
4562,3722.957123
4563,10277.411783
4564,24781.757795
4565,9989.725403
4566,23984.176962
4567,9964.845936
4568,2272.320369
4569,6627.894984
4570,8710.882496
4571,2651.786741
4572,4761.329581
4573,64303.722312
4574,7985.839527
4575,6263.619613
4576,27771.037276
4577,19491.274823
4578,26564.943532
4579,60617.578399
4580,31043.126600
4581,73276.287645
4582,16778.175559
4583,25093.133268
4584,5530.903150
4585,11825.542055
4586,7657.896664
4587,47007.961984
4588,2926.197352
4589,29278.850483
4590,17206.741176
4591,13828.766254
4592,16892.096157
4593,32753.082602
4594,20320.396532
4595,27709.267141
4596,19642.259901
4597,29388.707641
4598,14898.607081
4599,31450.746932
4600,3414.912707
4601,17214.903099
4602,45795.288044
4603,4775.534429
4604,14137.021713
4605,2961.959351
4606,36325.007347
4607,15492.063936
4608,170064.135531
4609,15598.571321
4610,64839.007503
4611,75570.216747
4612,35124.230560
4613,90207.018472
4614,24080.558381
4615,2533.315872
4616,227489.453310
4617,6590.023081
4618,12349.952476
4619,28802.430827
4620,64854.119987
4621,2260.932987
4622,23761.235537
4623,10961.078570
4624,9523.484062
4625,2440.918241
4626,2511.365446
4627,11406.207534
4628,96430.376877
4629,48119.419238
4630,41886.202319
4631,105032.681828
4632,21689.485378
4633,39679.218449
4634,20084.124691
4635,10035.211217
4636,9750.460695
4637,7082.703644
4638,4680.697457
4639,1253.889682
4640,3719.908081
4641,4376.318507
4642,4540.774053
4643,2578.566639
4644,37022.456229
4645,1342.412971
4646,1939.476812
4647,8681.771207
4648,1984.837023
4649,9394.957657
4650,1009.064585
4651,20631.873507
4652,8500.940786
4653,14064.445801
4654,1026.944300
4655,8476.621340
4656,2566.590300
4657,40970.400221
4658,24499.362781
4659,10011.253313
4660,11800.514567
4661,2102.176952
4662,5857.623614
4663,6746.421906
4664,1663.189126
4665,13989.517262
4666,14463.377087
4667,3515.734022
4668,13034.203372
4669,8314.582523
4670,36326.179928
4671,1919.903469
4672,1773.152561
4673,30288.779373
4674,19168.212678
4675,4632.869425
4676,15310.957251
4677,2341.414197
4678,1544.915064
4679,72618.238633
4680,12366.193716
4681,991.522081
4682,1805.567080
4683,3191.630160
4684,1383.497093
4685,1416.794793
4686,2266.941797
4687,1404.421296
4688,1299.153267
4689,1344.492223
4690,1430.305601
4691,1029.052579
4692,963.781040
4693,1655.364805
4694,1542.627787
4695,1061.574270
4696,1424.330597
4697,974.847585
4698,3289.525121
4699,1341.125209
4700,1228.106337
4701,1592.152572
4702,1480.669922
4703,1301.545698
4704,1316.433832
4705,1145.525006
4706,1407.745112
4707,1413.355534
4708,1808.658939
4709,6315.767219
4710,2048.984516
4711,1163.036486
4712,1281.822871
4713,1503.391037
4714,1318.088883
4715,986.583164
4716,1495.100318
4717,2180.318649
4718,1203.500173
4719,1263.250669
4720,1417.924228
4721,1981.424620
4722,2627.407945
4723,1467.397956
4724,2298.933883
4725,1447.933527
4726,1360.887546
4727,1815.879498
4728,3333.981657
4729,1198.392971
4730,5196.786464
4731,5158.225889
4732,1856.341761
4733,1409.289394
4734,12268.177777
4735,1697.881426
4736,1791.479772
4737,1409.562843
4738,2608.220252
4739,1257.576991
4740,1859.645460
4741,1442.051090
4742,1498.875727
4743,1159.409644
4744,8111.346238
4745,1263.251118
4746,1568.385397
4747,1170.634116
4748,1290.547635
4749,1250.189489
4750,1358.605087
4751,2931.919030
4752,1389.174012
4753,1263.605128
4754,5546.033105
4755,1327.943835
4756,2382.599470
4757,1689.760340
4758,1338.934700
4759,7300.402240
4760,1469.663797
4761,1046.235818
4762,3450.153692
4763,5234.599618
4764,4968.785245
4765,1739.510287
4766,2437.618963
4767,1445.921027
4768,1097.117938
4769,1393.399127
4770,1484.195579
4771,2895.690887
4772,1153.705360
4773,1275.643120
4774,1398.582209
4775,4022.663830
4776,1919.372857
4777,2228.801152
4778,1327.318394
4779,1302.336079
4780,1414.429909
4781,5359.728173
4782,1371.985235
4783,4456.913203
4784,5933.018268
4785,6022.290280
4786,1386.496293
4787,6061.129825
4788,2271.555347
4789,1385.382906
4790,1501.157667
4791,4935.027441
4792,5511.241333
4793,3546.081021
4794,1582.630571
4795,2087.203737
4796,5787.163933
4797,1650.664055
4798,5084.110800
4799,1357.399033
4800,1954.586224
4801,1114.208579
4802,7013.278325
4803,1430.486997
4804,7534.616841
4805,2549.450516
4806,1401.338997
4807,763.842542
4808,2616.739679
4809,6382.083941
4810,4031.716703
4811,1853.549944
4812,1936.287757
4813,6381.444343
4814,1096.048223
4815,1415.982853
4816,1854.959203
4817,13648.241678
4818,2932.600192
4819,5802.444255
4820,3836.539398
4821,2372.184578
4822,1425.680444
4823,12088.237335
4824,8105.775100
4825,1910.836210
4826,1282.355826
4827,9380.474679
4828,3159.081916
4829,4987.536778
4830,2562.996971
4831,10593.565532
4832,4006.307777
4833,4262.121081
4834,2353.103598
4835,1356.442499
4836,7076.190099
4837,16606.219318
4838,8244.313299
4839,2038.966683
4840,16790.418678
4841,35723.884905
4842,55627.592889
4843,60429.529428
4844,2316.624580
4845,6624.791301
4846,15546.078357
4847,81367.209064
4848,3883.541349
4849,7324.464229
4850,13484.009576
4851,28267.425023
4852,3099.546243
4853,4429.574134
4854,2619.996458
4855,21694.122750
4856,27882.020457
4857,41112.792699
4858,38942.223052
4859,32184.567780
4860,13529.611781
4861,26367.325989
4862,4002.058693
4863,72212.148142
4864,28866.897218
4865,13373.355427
4866,114199.209164
4867,9942.080999
4868,11394.066211
4869,7348.075474
4870,20275.333001
4871,2128.615307
4872,3999.660625
4873,14047.509257
4874,1121.558495
4875,15651.253311
4876,1943.387564
4877,43438.962995
4878,25770.940031
4879,55998.477429
4880,7613.722061
4881,3317.702134
4882,1058.639262
4883,2688.123957
4884,9744.953321
4885,17628.032188
4886,7683.347792
4887,30449.417439
4888,7641.251983
4889,7725.016951
4890,34214.781880
4891,47396.025196
4892,1976.848740
4893,1106.804147
4894,2452.854461
4895,13810.523417
4896,24039.352790
4897,2254.773391
4898,9125.559025
4899,48801.334976
4900,13923.545078
4901,65181.496525
4902,16770.710423
4903,22268.505328
4904,3349.504982
4905,31062.368992
4906,94721.041514
4907,9881.742830
4908,4955.462647
4909,97072.669328
4910,72110.502338
4911,1529.643850
4912,11517.610553
4913,222123.739839
4914,2958.842418
4915,18719.892865
4916,27202.170840
4917,17913.158037
4918,13416.156391
4919,21626.122349
4920,26322.656954
4921,4367.211926
4922,26539.751252
4923,3160.923679
4924,5238.502177
4925,49090.113078
4926,18812.526061
4927,21899.192784
4928,6003.027905
4929,57813.939264
4930,10893.498711
4931,34593.293379
4932,7315.049645
4933,22204.558102
4934,81666.818169
4935,73617.211517
4936,22014.413351
4937,3472.791690
4938,110607.961615
4939,20403.785096
4940,29275.423652
4941,2286.803189
4942,3376.249075
4943,9595.290720
4944,42479.481516
4945,16430.623264
4946,2981.006325
4947,24187.505467
4948,15304.095930
4949,15620.725731
4950,41401.115141
4951,17646.383202
4952,11789.745655
4953,4432.130496
4954,4892.740589
4955,4030.881859
4956,12259.360890
4957,38147.959099
4958,7825.336485
4959,2206.371414
4960,4950.760830
4961,11175.589466
4962,5164.617061
4963,2474.510532
4964,16777.663664
4965,8893.619960
4966,13734.624478
4967,12587.415014
4968,15115.232582
4969,41381.901746
4970,39095.548585
4971,49763.266565
4972,5501.610401
4973,3625.406857
4974,80580.654656
4975,2541.294482
4976,1944.609642
4977,4765.007051
4978,2365.698043
4979,6739.942714
4980,66408.013916
4981,6590.325548
4982,8367.314430
4983,2587.270915
4984,11994.513535
4985,4416.897860
4986,2586.911585
4987,1666.486432
4988,30625.768537
4989,2411.652077
4990,14235.325562
4991,5237.639724
4992,1262.532502
4993,11841.665902
4994,5151.471486
4995,23583.914365
4996,12456.506111
4997,2336.018061
4998,10301.965758
4999,10991.181824
5000,983.465109
5001,9218.511597
5002,28809.788015
5003,19140.428371
5004,10283.212147
5005,4301.925383
5006,2671.516471
5007,2940.669757
5008,14029.054437
5009,1082.073971
5010,33596.805778
5011,29312.143588
5012,9944.140588
5013,13406.679432
5014,2247.801791
5015,13015.728491
5016,9656.868374
5017,2310.510750
5018,15425.677691
5019,11097.135579
5020,19054.276135
5021,83067.041234
5022,1713.395440
5023,49069.191567
5024,69610.427110
5025,2134.737433
5026,1646.850993
5027,135894.037699
5028,3308.623761
5029,3910.222955
5030,10418.173050
5031,7444.886998
5032,1943.386239
5033,2174.466658
5034,1946.219648
5035,10574.284175
5036,4845.291255
5037,2371.989557
5038,4668.499567
5039,2942.200869
5040,10767.512152
5041,3015.327939
5042,12229.398135
5043,11840.885835
5044,2480.831884
5045,3606.096756
5046,8812.530867
5047,10906.486240
5048,1629.602493
5049,18609.310413
5050,5122.072972
5051,5254.582060
5052,1054.729822
5053,2782.589299
5054,3333.820712
5055,9173.956245
5056,7709.592510
5057,1539.883097
5058,1929.413043
5059,9048.448904
5060,6527.070708
5061,3102.650911
5062,4525.864571
5063,9627.296339
5064,11078.921134
5065,4695.388899
5066,14076.321903
5067,13932.893760
5068,6911.978978
5069,8714.694179
5070,14273.623269
5071,1803.782524
5072,9163.773439
5073,10275.377702
5074,15036.941639
5075,2826.731829
5076,6630.497133
5077,20855.776923
5078,9468.915348
5079,10920.225249
5080,4639.159026
5081,29017.418480
5082,18799.416223
5083,3774.896344
5084,11607.722986
5085,61802.770104
5086,22419.165700
5087,66025.513453
5088,18470.365931
5089,1529.006927
5090,2320.770199
5091,8923.079868
5092,2879.063661
5093,13490.226572
5094,23793.413417
5095,11644.543907
5096,2258.282794
5097,8401.365526
5098,12019.557564
5099,23984.113868
5100,3615.241083
5101,9718.225081
5102,10660.074088
5103,34330.148010
5104,21522.011396
5105,3223.063106
5106,18430.250364
5107,29579.915342
5108,56087.427441
5109,12114.545684
5110,4719.513270
5111,5521.251865
5112,4578.085617
5113,4575.785021
5114,3725.728161
5115,4124.687028
5116,4979.636554
5117,6438.684306
5118,5380.754443
5119,2477.004079
5120,5106.923358
5121,5468.149039
5122,14459.764643
5123,12593.323807
5124,1178.723408
5125,8801.591496
5126,5849.845251
5127,21366.613695
5128,4336.857391
5129,1193.584280
5130,3702.558674
5131,15672.399876
5132,6446.441904
5133,7792.445212
5134,3278.504411
5135,13617.720323
5136,3694.169337
5137,8907.065980
5138,6251.632677
5139,5332.289560
5140,40965.710174
5141,5766.991276
5142,8835.213747
5143,2998.442679
5144,33063.934576
5145,2495.720353
5146,1239.827154
5147,12391.961858
5148,5317.332638
5149,12696.431378
5150,20159.729625
5151,25226.754708
5152,37844.996441
5153,3461.179515
5154,1242.101699
5155,11874.146647
5156,5430.206026
5157,10035.566379
5158,16980.281188
5159,69872.842012
5160,57520.790970
5161,8242.569372
5162,12638.017607
5163,1077.140723
5164,2032.046688
5165,1857.286721
5166,34849.507195
5167,3460.666493
5168,76292.021935
5169,152042.926697
5170,178413.734525
5171,53735.944687
5172,86817.468055
5173,58265.306386
5174,77676.013332
5175,138027.792711
5176,68573.188007
5177,90699.175662
5178,9074.213530
5179,21068.006206
5180,52443.198777
5181,201326.390606
5182,1943.699105
5183,16314.649640
5184,5364.405503
5185,2558.848914
5186,2722.615719
5187,28492.329755
5188,44094.515590
5189,1104.567729
5190,2534.634695
5191,53617.611199
5192,4835.326327
5193,1733.454200
5194,51007.176557
5195,16693.925338
5196,72232.239713
5197,12371.967831
5198,11509.005973
5199,1328.160511
5200,4375.604135
5201,3202.127382
5202,5400.330815
5203,13630.703991
5204,84254.819337
5205,8748.236877
5206,31477.462999
5207,7475.162842
5208,11241.599529
5209,14728.924449
5210,12344.118327
5211,54159.490786
5212,34044.809614
5213,4103.543704
5214,13396.655709
5215,49467.239609
5216,12127.097874
5217,15452.641175
5218,26149.882907
5219,37290.924705
5220,43270.284256
5221,760.900478
5222,13799.047298
5223,30148.135495
5224,19338.441094
5225,22024.248324
5226,2391.681620
5227,31705.953168
5228,12372.047406
5229,81641.674368
5230,5888.942402
5231,6607.074156
5232,21385.938598
5233,4524.755168
5234,48978.750185
5235,4866.762085
5236,994.312991
5237,1640.386338
5238,57149.559369
5239,1182.328835
5240,1844.325442
5241,757.513032
5242,36657.571747
5243,1016.731265
5244,1015.938803
5245,1616.481813
5246,1538.817987
5247,1162.087257
5248,1147.427673
5249,991.809091
5250,1364.566206
5251,1714.663384
5252,1333.885871
5253,1345.745441
5254,1167.667589
5255,1078.149754
5256,1250.789096
5257,1898.453859
5258,1346.464975
5259,1707.793783
5260,1409.314597
5261,987.909079
5262,1441.183161
5263,1004.405112
5264,647.317818
5265,3663.444182
5266,1251.664876
5267,846.246206
5268,1869.546986
5269,1225.548280
5270,1016.896214
5271,1773.067125
5272,2091.492417
5273,2102.393603
5274,1603.740429
5275,1026.707986
5276,1036.647040
5277,1914.497850
5278,6195.686126
5279,1923.504801
5280,7335.086227
5281,3135.117859
5282,1210.891707
5283,1271.139945
5284,1015.141667
5285,1893.138346
5286,1900.464778
5287,1382.895639
5288,4152.855458
5289,1497.686754
5290,2825.132568
5291,7084.233485
5292,1398.776681
5293,2509.681460
5294,782.317578
5295,1369.788284
5296,1367.239018
5297,10626.819930
5298,5497.778369
5299,3726.785397
5300,4094.488148
5301,2212.286606
5302,2733.023625
5303,1042.233233
5304,1262.421414
5305,1329.972761
5306,12501.108144
5307,1322.826078
5308,6469.570218
5309,21086.350353
5310,1398.258578
5311,17666.824493
5312,22323.986010
5313,1365.460293
5314,1596.696311
5315,3755.183557
5316,1656.362017
5317,2222.041524
5318,1655.122380
5319,1022.261174
5320,1277.964328
5321,1937.315398
5322,1098.883891
5323,3191.398180
5324,1420.416786
5325,1664.089076
5326,2251.541576
5327,1482.517489
5328,19517.008809
5329,36658.967243
5330,39660.806739
5331,2287.951029
5332,2546.232133
5333,14066.555074
5334,2155.233730
5335,46115.489599
5336,21307.340232
5337,38184.762932
5338,29663.370764
5339,81834.254177
5340,28457.583985
5341,61137.487433
5342,28884.561403
5343,91320.231154
5344,35814.794293
5345,688.545869
5346,937.152930
5347,796.465225
5348,762.310417
5349,1195.009233
5350,1167.258585
5351,1151.297985
5352,1078.475108
5353,873.511646
5354,982.718551
5355,1083.272484
5356,1802.323925
5357,1554.862358
5358,966.832016
5359,1979.094736
5360,966.721052
5361,717.065209
5362,827.701450
5363,1116.617056
5364,1213.996044
5365,1065.047443
5366,1303.124128
5367,871.319512
5368,1318.349354
5369,1600.927073
5370,2175.178485
5371,715.601909
5372,1105.318962
5373,1073.144705
5374,1066.888527
5375,1069.057384
5376,1349.300175
5377,1312.807031
5378,1097.704652
5379,1460.837178
5380,1368.400826
5381,1202.587444
5382,717.662243
5383,1099.462069
5384,1156.878529
5385,2511.976474
5386,1599.600726
5387,1147.970725
5388,1162.251900
5389,1302.132314
5390,1438.378321
5391,865.555942
5392,690.940772
5393,1350.012962
5394,1325.924759
5395,1659.963152
5396,930.025729
5397,1245.839569
5398,879.368891
5399,1453.728704
5400,1201.492822
5401,1222.731667
5402,1220.338400
5403,2078.084197
5404,1264.272163
5405,1280.050150
5406,892.503571
5407,1215.769473
5408,996.112038
5409,1249.127568
5410,832.503752
5411,1187.811681
5412,819.602186
5413,792.293348
5414,1248.865239
5415,946.842260
5416,1053.447704
5417,1181.904241
5418,991.733170
5419,1189.944108
5420,961.585022
5421,856.823719
5422,1886.610768
5423,1205.497831
5424,1240.533799
5425,890.167346
5426,928.797092
5427,1595.633480
5428,1491.887313
5429,1163.895877
5430,1297.698221
5431,959.000531
5432,1118.839574
5433,1151.189318
5434,1188.138168
5435,798.511491
5436,1350.852682
5437,957.389528
5438,847.125508
5439,1837.471116
5440,2120.628586
5441,1703.136820
5442,816.524143
5443,1596.726249
5444,1281.086407
5445,793.375019
5446,1314.130766
5447,842.950048
5448,1308.246596
5449,1051.101394
5450,1343.258447
5451,1167.214776
5452,886.353306
5453,1756.949791
5454,1400.674905
5455,690.053481
